smiles,ProtID,Temp,Mutation,kcat,seq,Temp_K_norm,Inv_Temp_norm,pred_log10kcat
C(CC(C(=O)O)N)CN,Q51742,55,None,500,MVVSLAGRDLLCLQDYTAEEIWTILETAKMFKIWQKIGKPHRLLEGKTLAMIFQKPSTRTRVSFEVAMAHLGGHALYLNAQDLQLRRGETIADTARVLSRYVDAIMARVYDHKDVEDLAKYATVPVINGLSDFSHPCQALADYMTIWEKKGTIKGVKVVYVGDGNNVAHSLMIAGTKLGADVVVATPEGYEPDEKVIKWAEQNAAESGGSFELLHDPVKAVKDADVIYTDVWASMGQEAEAEERRKIFRPFQVNKDLVKHAKPDYMFMHCLPAHRGEEVTDDVIDSPNSVVWDQAENRLHAQKAVLALVMGGIKF,0.55,0.37457717507239824,3.720170021057129
C(CC(C(=O)O)N)CN,Q51742,55,Y227C/E277G,3500,MVVSLAGRDLLCLQDYTAEEIWTILETAKMFKIWQKIGKPHRLLEGKTLAMIFQKPSTRTRVSFEVAMAHLGGHALYLNAQDLQLRRGETIADTARVLSRYVDAIMARVYDHKDVEDLAKYATVPVINGLSDFSHPCQALADYMTIWEKKGTIKGVKVVYVGDGNNVAHSLMIAGTKLGADVVVATPEGYEPDEKVIKWAEQNAAESGGSFELLHDPVKAVKDADVICTDVWASMGQEAEAEERRKIFRPFQVNKDLVKHAKPDYMFMHCLPAHRGEGVTDDVIDSPNSVVWDQAENRLHAQKAVLALVMGGIKF,0.55,0.37457717507239824,3.752178192138672
C(CC(C(=O)O)N)CN,Q51742,55,A240D/E277G,4300,MVVSLAGRDLLCLQDYTAEEIWTILETAKMFKIWQKIGKPHRLLEGKTLAMIFQKPSTRTRVSFEVAMAHLGGHALYLNAQDLQLRRGETIADTARVLSRYVDAIMARVYDHKDVEDLAKYATVPVINGLSDFSHPCQALADYMTIWEKKGTIKGVKVVYVGDGNNVAHSLMIAGTKLGADVVVATPEGYEPDEKVIKWAEQNAAESGGSFELLHDPVKAVKDADVIYTDVWASMGQEAEDEERRKIFRPFQVNKDLVKHAKPDYMFMHCLPAHRGEGVTDDVIDSPNSVVWDQAENRLHAQKAVLALVMGGIKF,0.55,0.37457717507239824,3.7402312755584717
C(CC(C(=O)O)N)CN,Q51742,55,Y227C,1100,MVVSLAGRDLLCLQDYTAEEIWTILETAKMFKIWQKIGKPHRLLEGKTLAMIFQKPSTRTRVSFEVAMAHLGGHALYLNAQDLQLRRGETIADTARVLSRYVDAIMARVYDHKDVEDLAKYATVPVINGLSDFSHPCQALADYMTIWEKKGTIKGVKVVYVGDGNNVAHSLMIAGTKLGADVVVATPEGYEPDEKVIKWAEQNAAESGGSFELLHDPVKAVKDADVICTDVWASMGQEAEAEERRKIFRPFQVNKDLVKHAKPDYMFMHCLPAHRGEEVTDDVIDSPNSVVWDQAENRLHAQKAVLALVMGGIKF,0.55,0.37457717507239824,3.7369914054870605
C(CC(C(=O)O)N)CN,Q51742,55,A240D,1100,MVVSLAGRDLLCLQDYTAEEIWTILETAKMFKIWQKIGKPHRLLEGKTLAMIFQKPSTRTRVSFEVAMAHLGGHALYLNAQDLQLRRGETIADTARVLSRYVDAIMARVYDHKDVEDLAKYATVPVINGLSDFSHPCQALADYMTIWEKKGTIKGVKVVYVGDGNNVAHSLMIAGTKLGADVVVATPEGYEPDEKVIKWAEQNAAESGGSFELLHDPVKAVKDADVIYTDVWASMGQEAEDEERRKIFRPFQVNKDLVKHAKPDYMFMHCLPAHRGEEVTDDVIDSPNSVVWDQAENRLHAQKAVLALVMGGIKF,0.55,0.37457717507239824,3.7225236892700195
C(CC(C(=O)O)N)CN,Q51742,55,E277G,1600,MVVSLAGRDLLCLQDYTAEEIWTILETAKMFKIWQKIGKPHRLLEGKTLAMIFQKPSTRTRVSFEVAMAHLGGHALYLNAQDLQLRRGETIADTARVLSRYVDAIMARVYDHKDVEDLAKYATVPVINGLSDFSHPCQALADYMTIWEKKGTIKGVKVVYVGDGNNVAHSLMIAGTKLGADVVVATPEGYEPDEKVIKWAEQNAAESGGSFELLHDPVKAVKDADVIYTDVWASMGQEAEAEERRKIFRPFQVNKDLVKHAKPDYMFMHCLPAHRGEGVTDDVIDSPNSVVWDQAENRLHAQKAVLALVMGGIKF,0.55,0.37457717507239824,3.734332799911499
C(CC(C(=O)O)N)CN,Q51742,30,None,370,MVVSLAGRDLLCLQDYTAEEIWTILETAKMFKIWQKIGKPHRLLEGKTLAMIFQKPSTRTRVSFEVAMAHLGGHALYLNAQDLQLRRGETIADTARVLSRYVDAIMARVYDHKDVEDLAKYATVPVINGLSDFSHPCQALADYMTIWEKKGTIKGVKVVYVGDGNNVAHSLMIAGTKLGADVVVATPEGYEPDEKVIKWAEQNAAESGGSFELLHDPVKAVKDADVIYTDVWASMGQEAEAEERRKIFRPFQVNKDLVKHAKPDYMFMHCLPAHRGEEVTDDVIDSPNSVVWDQAENRLHAQKAVLALVMGGIKF,0.3,0.6307273626917601,2.9980056285858154
C(CC(C(=O)O)N)CN,Q51742,30,Y227C/E277G,2200,MVVSLAGRDLLCLQDYTAEEIWTILETAKMFKIWQKIGKPHRLLEGKTLAMIFQKPSTRTRVSFEVAMAHLGGHALYLNAQDLQLRRGETIADTARVLSRYVDAIMARVYDHKDVEDLAKYATVPVINGLSDFSHPCQALADYMTIWEKKGTIKGVKVVYVGDGNNVAHSLMIAGTKLGADVVVATPEGYEPDEKVIKWAEQNAAESGGSFELLHDPVKAVKDADVICTDVWASMGQEAEAEERRKIFRPFQVNKDLVKHAKPDYMFMHCLPAHRGEGVTDDVIDSPNSVVWDQAENRLHAQKAVLALVMGGIKF,0.3,0.6307273626917601,3.036797046661377
C(CC(C(=O)O)N)CN,Q51742,30,A240D/E277G,2900,MVVSLAGRDLLCLQDYTAEEIWTILETAKMFKIWQKIGKPHRLLEGKTLAMIFQKPSTRTRVSFEVAMAHLGGHALYLNAQDLQLRRGETIADTARVLSRYVDAIMARVYDHKDVEDLAKYATVPVINGLSDFSHPCQALADYMTIWEKKGTIKGVKVVYVGDGNNVAHSLMIAGTKLGADVVVATPEGYEPDEKVIKWAEQNAAESGGSFELLHDPVKAVKDADVIYTDVWASMGQEAEDEERRKIFRPFQVNKDLVKHAKPDYMFMHCLPAHRGEGVTDDVIDSPNSVVWDQAENRLHAQKAVLALVMGGIKF,0.3,0.6307273626917601,3.0172781944274902
C(CC(C(=O)O)N)CN,Q51742,30,Y227C,560,MVVSLAGRDLLCLQDYTAEEIWTILETAKMFKIWQKIGKPHRLLEGKTLAMIFQKPSTRTRVSFEVAMAHLGGHALYLNAQDLQLRRGETIADTARVLSRYVDAIMARVYDHKDVEDLAKYATVPVINGLSDFSHPCQALADYMTIWEKKGTIKGVKVVYVGDGNNVAHSLMIAGTKLGADVVVATPEGYEPDEKVIKWAEQNAAESGGSFELLHDPVKAVKDADVICTDVWASMGQEAEAEERRKIFRPFQVNKDLVKHAKPDYMFMHCLPAHRGEEVTDDVIDSPNSVVWDQAENRLHAQKAVLALVMGGIKF,0.3,0.6307273626917601,3.014986753463745
C(CC(C(=O)O)N)CN,Q51742,30,A240D,560,MVVSLAGRDLLCLQDYTAEEIWTILETAKMFKIWQKIGKPHRLLEGKTLAMIFQKPSTRTRVSFEVAMAHLGGHALYLNAQDLQLRRGETIADTARVLSRYVDAIMARVYDHKDVEDLAKYATVPVINGLSDFSHPCQALADYMTIWEKKGTIKGVKVVYVGDGNNVAHSLMIAGTKLGADVVVATPEGYEPDEKVIKWAEQNAAESGGSFELLHDPVKAVKDADVIYTDVWASMGQEAEDEERRKIFRPFQVNKDLVKHAKPDYMFMHCLPAHRGEEVTDDVIDSPNSVVWDQAENRLHAQKAVLALVMGGIKF,0.3,0.6307273626917601,2.993816614151001
C(CC(C(=O)O)N)CN,Q51742,30,E277G,560,MVVSLAGRDLLCLQDYTAEEIWTILETAKMFKIWQKIGKPHRLLEGKTLAMIFQKPSTRTRVSFEVAMAHLGGHALYLNAQDLQLRRGETIADTARVLSRYVDAIMARVYDHKDVEDLAKYATVPVINGLSDFSHPCQALADYMTIWEKKGTIKGVKVVYVGDGNNVAHSLMIAGTKLGADVVVATPEGYEPDEKVIKWAEQNAAESGGSFELLHDPVKAVKDADVIYTDVWASMGQEAEAEERRKIFRPFQVNKDLVKHAKPDYMFMHCLPAHRGEGVTDDVIDSPNSVVWDQAENRLHAQKAVLALVMGGIKF,0.3,0.6307273626917601,3.0181806087493896
