EC,sub,ProtID,EnzymeType,Mutation,kcat,Temp,Temp_K,Inv_Temp,smiles,seq,source,pathway,Temp_K_norm,Inv_Temp_norm
1.1.1.37,Oxaloacetate,Q9ZF99,WT,None,152.0,4.0,277.15,0.0036081544290095,C(C(=O)C(=O)O)C(=O)O,MAKTPMRVAVTGAAGQICYSLLFRIANGDMLGKDQPVILQLLEIPNEKAQKALQGVMMEIDDCAFPLLAGMTAHADPMTAFKDADVALLVGARPRGPGMERKDLLEANAQIFTVQGKAIDAVASRNIKVLVVGNPANTNAYIAMKSAPSLPAKNFTAMLRLDHNRALSQIAAKTGKPVSSIEKLFVWGNHSPTMYADYRYAQIDGASVKDMINDDAWNRDTFLPTVGKRGAAIIDARGVSSAASAANAAIDHIHDWVLGTAGKWTTMGIPSDGSYGIPEGVIFGFPVTTENGEYKIVQGLSIDAFSQERINVTLNELLEEQNGVQHLLG,sabiork,Primary,0.04,0.9461446869925638
1.1.1.37,Oxaloacetate,Q9ZF99,WT,None,277.0,10.0,283.15,0.003531696980399,C(C(=O)C(=O)O)C(=O)O,MAKTPMRVAVTGAAGQICYSLLFRIANGDMLGKDQPVILQLLEIPNEKAQKALQGVMMEIDDCAFPLLAGMTAHADPMTAFKDADVALLVGARPRGPGMERKDLLEANAQIFTVQGKAIDAVASRNIKVLVVGNPANTNAYIAMKSAPSLPAKNFTAMLRLDHNRALSQIAAKTGKPVSSIEKLFVWGNHSPTMYADYRYAQIDGASVKDMINDDAWNRDTFLPTVGKRGAAIIDARGVSSAASAANAAIDHIHDWVLGTAGKWTTMGIPSDGSYGIPEGVIFGFPVTTENGEYKIVQGLSIDAFSQERINVTLNELLEEQNGVQHLLG,sabiork,Primary,0.1,0.8682147271763481
1.11.1.1,NADH2,P37062,MUT,R303M,3.0,5.0,278.15,0.0035951824555096,C1C=CN(C=C1C(=O)N)C2C(C(C(O2)COP(=O)(O)OP(=O)(O)OCC3C(C(C(O3)N4C=NC5=C(N=CN=C54)N)O)O)O)O,MKVIVLGSSHGGYEAVEELLNLHPDAEIQWYEKGDFISFLSCGMQLYLEGKVKDVNSVRYMTGEKMESRGVNVFSNTEITAIQPKEHQVTVKDLVSGEERVENYDKLIISPGAVPFELDIPGKDLDNIYLMRGRQWAIKLKQKTVDPEVNNVVVIGSGYIGIEAAEAFAKAGKKVTVIDILDRPLGVYLDKEFTDVLTEEMEANNITIATGETVERYEGDGRVQKIVTDKNAYDADLVVVAVGVRPNTAWLKGTLELHPNGLIKTDEYMRTSEPDVFAVGDATLIKYNPADTEVNIALATNAMKQGRFAVKNLEEPVKPFPGVQGSSGLAVFDYKFASTGINEVMAQKLGKETKAVTVVEDYLMDFNPDKQKAWFKLVYDPETTQILGAQLMSKADLTANINAISLAIQAKMTIEDLAYADFFFQPAFDKPWNIINTAALEAVKQER,sabiork,Un-annotated,0.05,0.9329228833363351
1.11.1.1,NADH2,P37062,WT,None,23.3,5.0,278.15,0.0035951824555096,C1C=CN(C=C1C(=O)N)C2C(C(C(O2)COP(=O)(O)OP(=O)(O)OCC3C(C(C(O3)N4C=NC5=C(N=CN=C54)N)O)O)O)O,MKVIVLGSSHGGYEAVEELLNLHPDAEIQWYEKGDFISFLSCGMQLYLEGKVKDVNSVRYMTGEKMESRGVNVFSNTEITAIQPKEHQVTVKDLVSGEERVENYDKLIISPGAVPFELDIPGKDLDNIYLMRGRQWAIKLKQKTVDPEVNNVVVIGSGYIGIEAAEAFAKAGKKVTVIDILDRPLGVYLDKEFTDVLTEEMEANNITIATGETVERYEGDGRVQKIVTDKNAYDADLVVVAVGVRPNTAWLKGTLELHPNGLIKTDEYMRTSEPDVFAVGDATLIKYNPADTEVNIALATNARKQGRFAVKNLEEPVKPFPGVQGSSGLAVFDYKFASTGINEVMAQKLGKETKAVTVVEDYLMDFNPDKQKAWFKLVYDPETTQILGAQLMSKADLTANINAISLAIQAKMTIEDLAYADFFFQPAFDKPWNIINTAALEAVKQER,sabiork,Un-annotated,0.05,0.9329228833363351
1.11.1.1,H2O2,P37062,WT,None,23.0,5.0,278.15,0.0035951824555096,OO,MKVIVLGSSHGGYEAVEELLNLHPDAEIQWYEKGDFISFLSCGMQLYLEGKVKDVNSVRYMTGEKMESRGVNVFSNTEITAIQPKEHQVTVKDLVSGEERVENYDKLIISPGAVPFELDIPGKDLDNIYLMRGRQWAIKLKQKTVDPEVNNVVVIGSGYIGIEAAEAFAKAGKKVTVIDILDRPLGVYLDKEFTDVLTEEMEANNITIATGETVERYEGDGRVQKIVTDKNAYDADLVVVAVGVRPNTAWLKGTLELHPNGLIKTDEYMRTSEPDVFAVGDATLIKYNPADTEVNIALATNARKQGRFAVKNLEEPVKPFPGVQGSSGLAVFDYKFASTGINEVMAQKLGKETKAVTVVEDYLMDFNPDKQKAWFKLVYDPETTQILGAQLMSKADLTANINAISLAIQAKMTIEDLAYADFFFQPAFDKPWNIINTAALEAVKQER,sabiork,Un-annotated,0.05,0.9329228833363351
1.11.1.1,H2O2,P37062,MUT,H10A,27.7,5.0,278.15,0.0035951824555096,OO,MKVIVLGSSAGGYEAVEELLNLHPDAEIQWYEKGDFISFLSCGMQLYLEGKVKDVNSVRYMTGEKMESRGVNVFSNTEITAIQPKEHQVTVKDLVSGEERVENYDKLIISPGAVPFELDIPGKDLDNIYLMRGRQWAIKLKQKTVDPEVNNVVVIGSGYIGIEAAEAFAKAGKKVTVIDILDRPLGVYLDKEFTDVLTEEMEANNITIATGETVERYEGDGRVQKIVTDKNAYDADLVVVAVGVRPNTAWLKGTLELHPNGLIKTDEYMRTSEPDVFAVGDATLIKYNPADTEVNIALATNARKQGRFAVKNLEEPVKPFPGVQGSSGLAVFDYKFASTGINEVMAQKLGKETKAVTVVEDYLMDFNPDKQKAWFKLVYDPETTQILGAQLMSKADLTANINAISLAIQAKMTIEDLAYADFFFQPAFDKPWNIINTAALEAVKQER,sabiork,Un-annotated,0.05,0.9329228833363351
3.2.1.23,o-Nitrophenyl-beta-D-galactoside,Q7WTU5,WT,None,43.0,5.0,278.15,0.0035951824555096,C1=CC=C(C(=C1)[N+](=O)[O-])OC2C(C(C(C(O2)CO)O)O)O,MAQFTASPPAAGVSYITDRGPGSGRRTAARSWLHSNAPTQSQNGTWRFRLLPGAPGTPGGRGVLPVGEAVEGIAEEVFDDSSWDGIAVPAHWVLEGDGRYGRPIYTNVQFPFPTDAPNVPDGNPTGDYRRTFELTEPWTEAERILLRFDGVESRYKVWVNGVPIGVGTGSRLAQEFDVTDAVRPGANVLAVRVHQWSASSYLEDQDQWWLPGIFRDVTLQARPAGGIDEVWLRTSFSGSGDSGAGTIDPEITVNGDAFPVTLSVPELGVDVTWNSAADVAPLVIDAVEPWSAEIPRLYDATVASAAETVSLRVGFRTVEIVGDRFLVNGRRVVFHGMNRHETHPDRGRVFDEESARADLALMKQFNVNAIRTSHYPPHPRLLDLADEMGFWVVLECDLETHGFSVQQWAGNPSDDPAWREAFVDRIERTIERDKNHPSIVMWSLGNEAGTGANLAAMAAWAHARDTGRPVHYEGDYSGAYTDVYSRMYSSVPETEAIGRDDSGSMLLGCSAAESARQRTKPFILCEYVHAMGNGPGAIDQYEDLVDRYPRLHGGFVWEWRDHGLRTRTEDGTEFFAYGGDFNEVIHDGNFVMDGMVLSDSTPSPGLFEYKQIVAPIRLRFGTEVPVGTASDGGARRFMTVANLRHSADSSDVVFQWRTEADGVRSDSGELAVAGTSGKALAAGESVTLALPEFAVPGNGEHWLTVEAVLRKDTDWAPAGHVISAAQLDLSAPAPSVQAPRPMASAGRTVSSGAGSSGAGSSGTGTVNLGPAVFEEGRLLSLGGLSVAGPHLELWRAPTDNDGGAGRGSYDLVDPWLNNGNGVPAPTSASVWRDAGLDRLTARVEKIAANDESVVVRTRYAPADSADSVTVEEQWQLADGELWLRLDIVPSAGWNMIWPRIGVRFDLPGSVDGVSWFGAGPRESYPDSMHAALIGRYSAAIDDLTVAYAKPQESGHRSAVRSLELNNADAPWLRIETVADARGRRPGFTLARHTAQEVSAAAHPHELPPSEHSYLYLDAAQHGLGSRACGPDVWPDFALRPEARTLTLRIGTAG,sabiork,Primary,0.05,0.9329228833363351
3.2.1.23,o-Nitrophenyl-beta-D-galactoside,Q7WTU5,WT,None,57.2,10.0,283.15,0.003531696980399,C1=CC=C(C(=C1)[N+](=O)[O-])OC2C(C(C(C(O2)CO)O)O)O,MAQFTASPPAAGVSYITDRGPGSGRRTAARSWLHSNAPTQSQNGTWRFRLLPGAPGTPGGRGVLPVGEAVEGIAEEVFDDSSWDGIAVPAHWVLEGDGRYGRPIYTNVQFPFPTDAPNVPDGNPTGDYRRTFELTEPWTEAERILLRFDGVESRYKVWVNGVPIGVGTGSRLAQEFDVTDAVRPGANVLAVRVHQWSASSYLEDQDQWWLPGIFRDVTLQARPAGGIDEVWLRTSFSGSGDSGAGTIDPEITVNGDAFPVTLSVPELGVDVTWNSAADVAPLVIDAVEPWSAEIPRLYDATVASAAETVSLRVGFRTVEIVGDRFLVNGRRVVFHGMNRHETHPDRGRVFDEESARADLALMKQFNVNAIRTSHYPPHPRLLDLADEMGFWVVLECDLETHGFSVQQWAGNPSDDPAWREAFVDRIERTIERDKNHPSIVMWSLGNEAGTGANLAAMAAWAHARDTGRPVHYEGDYSGAYTDVYSRMYSSVPETEAIGRDDSGSMLLGCSAAESARQRTKPFILCEYVHAMGNGPGAIDQYEDLVDRYPRLHGGFVWEWRDHGLRTRTEDGTEFFAYGGDFNEVIHDGNFVMDGMVLSDSTPSPGLFEYKQIVAPIRLRFGTEVPVGTASDGGARRFMTVANLRHSADSSDVVFQWRTEADGVRSDSGELAVAGTSGKALAAGESVTLALPEFAVPGNGEHWLTVEAVLRKDTDWAPAGHVISAAQLDLSAPAPSVQAPRPMASAGRTVSSGAGSSGAGSSGTGTVNLGPAVFEEGRLLSLGGLSVAGPHLELWRAPTDNDGGAGRGSYDLVDPWLNNGNGVPAPTSASVWRDAGLDRLTARVEKIAANDESVVVRTRYAPADSADSVTVEEQWQLADGELWLRLDIVPSAGWNMIWPRIGVRFDLPGSVDGVSWFGAGPRESYPDSMHAALIGRYSAAIDDLTVAYAKPQESGHRSAVRSLELNNADAPWLRIETVADARGRRPGFTLARHTAQEVSAAAHPHELPPSEHSYLYLDAAQHGLGSRACGPDVWPDFALRPEARTLTLRIGTAG,sabiork,Primary,0.1,0.8682147271763481
3.2.1.23,o-Nitrophenyl-beta-D-galactoside,Q7WTU5,WT,None,100.0,18.0,291.15,0.0034346556757685,C1=CC=C(C(=C1)[N+](=O)[O-])OC2C(C(C(C(O2)CO)O)O)O,MAQFTASPPAAGVSYITDRGPGSGRRTAARSWLHSNAPTQSQNGTWRFRLLPGAPGTPGGRGVLPVGEAVEGIAEEVFDDSSWDGIAVPAHWVLEGDGRYGRPIYTNVQFPFPTDAPNVPDGNPTGDYRRTFELTEPWTEAERILLRFDGVESRYKVWVNGVPIGVGTGSRLAQEFDVTDAVRPGANVLAVRVHQWSASSYLEDQDQWWLPGIFRDVTLQARPAGGIDEVWLRTSFSGSGDSGAGTIDPEITVNGDAFPVTLSVPELGVDVTWNSAADVAPLVIDAVEPWSAEIPRLYDATVASAAETVSLRVGFRTVEIVGDRFLVNGRRVVFHGMNRHETHPDRGRVFDEESARADLALMKQFNVNAIRTSHYPPHPRLLDLADEMGFWVVLECDLETHGFSVQQWAGNPSDDPAWREAFVDRIERTIERDKNHPSIVMWSLGNEAGTGANLAAMAAWAHARDTGRPVHYEGDYSGAYTDVYSRMYSSVPETEAIGRDDSGSMLLGCSAAESARQRTKPFILCEYVHAMGNGPGAIDQYEDLVDRYPRLHGGFVWEWRDHGLRTRTEDGTEFFAYGGDFNEVIHDGNFVMDGMVLSDSTPSPGLFEYKQIVAPIRLRFGTEVPVGTASDGGARRFMTVANLRHSADSSDVVFQWRTEADGVRSDSGELAVAGTSGKALAAGESVTLALPEFAVPGNGEHWLTVEAVLRKDTDWAPAGHVISAAQLDLSAPAPSVQAPRPMASAGRTVSSGAGSSGAGSSGTGTVNLGPAVFEEGRLLSLGGLSVAGPHLELWRAPTDNDGGAGRGSYDLVDPWLNNGNGVPAPTSASVWRDAGLDRLTARVEKIAANDESVVVRTRYAPADSADSVTVEEQWQLADGELWLRLDIVPSAGWNMIWPRIGVRFDLPGSVDGVSWFGAGPRESYPDSMHAALIGRYSAAIDDLTVAYAKPQESGHRSAVRSLELNNADAPWLRIETVADARGRRPGFTLARHTAQEVSAAAHPHELPPSEHSYLYLDAAQHGLGSRACGPDVWPDFALRPEARTLTLRIGTAG,sabiork,Primary,0.18,0.7693044822256759
3.2.1.23,Lactose,Q7WTU5,WT,None,4.7,5.0,278.15,0.0035951824555096,C(C1C(C(C(C(O1)OC2C(OC(C(C2O)O)O)CO)O)O)O)O,MAQFTASPPAAGVSYITDRGPGSGRRTAARSWLHSNAPTQSQNGTWRFRLLPGAPGTPGGRGVLPVGEAVEGIAEEVFDDSSWDGIAVPAHWVLEGDGRYGRPIYTNVQFPFPTDAPNVPDGNPTGDYRRTFELTEPWTEAERILLRFDGVESRYKVWVNGVPIGVGTGSRLAQEFDVTDAVRPGANVLAVRVHQWSASSYLEDQDQWWLPGIFRDVTLQARPAGGIDEVWLRTSFSGSGDSGAGTIDPEITVNGDAFPVTLSVPELGVDVTWNSAADVAPLVIDAVEPWSAEIPRLYDATVASAAETVSLRVGFRTVEIVGDRFLVNGRRVVFHGMNRHETHPDRGRVFDEESARADLALMKQFNVNAIRTSHYPPHPRLLDLADEMGFWVVLECDLETHGFSVQQWAGNPSDDPAWREAFVDRIERTIERDKNHPSIVMWSLGNEAGTGANLAAMAAWAHARDTGRPVHYEGDYSGAYTDVYSRMYSSVPETEAIGRDDSGSMLLGCSAAESARQRTKPFILCEYVHAMGNGPGAIDQYEDLVDRYPRLHGGFVWEWRDHGLRTRTEDGTEFFAYGGDFNEVIHDGNFVMDGMVLSDSTPSPGLFEYKQIVAPIRLRFGTEVPVGTASDGGARRFMTVANLRHSADSSDVVFQWRTEADGVRSDSGELAVAGTSGKALAAGESVTLALPEFAVPGNGEHWLTVEAVLRKDTDWAPAGHVISAAQLDLSAPAPSVQAPRPMASAGRTVSSGAGSSGAGSSGTGTVNLGPAVFEEGRLLSLGGLSVAGPHLELWRAPTDNDGGAGRGSYDLVDPWLNNGNGVPAPTSASVWRDAGLDRLTARVEKIAANDESVVVRTRYAPADSADSVTVEEQWQLADGELWLRLDIVPSAGWNMIWPRIGVRFDLPGSVDGVSWFGAGPRESYPDSMHAALIGRYSAAIDDLTVAYAKPQESGHRSAVRSLELNNADAPWLRIETVADARGRRPGFTLARHTAQEVSAAAHPHELPPSEHSYLYLDAAQHGLGSRACGPDVWPDFALRPEARTLTLRIGTAG,sabiork,Primary,0.05,0.9329228833363351
3.2.1.23,Lactose,Q7WTU5,WT,None,5.2,18.0,291.15,0.0034346556757685,C(C1C(C(C(C(O1)OC2C(OC(C(C2O)O)O)CO)O)O)O)O,MAQFTASPPAAGVSYITDRGPGSGRRTAARSWLHSNAPTQSQNGTWRFRLLPGAPGTPGGRGVLPVGEAVEGIAEEVFDDSSWDGIAVPAHWVLEGDGRYGRPIYTNVQFPFPTDAPNVPDGNPTGDYRRTFELTEPWTEAERILLRFDGVESRYKVWVNGVPIGVGTGSRLAQEFDVTDAVRPGANVLAVRVHQWSASSYLEDQDQWWLPGIFRDVTLQARPAGGIDEVWLRTSFSGSGDSGAGTIDPEITVNGDAFPVTLSVPELGVDVTWNSAADVAPLVIDAVEPWSAEIPRLYDATVASAAETVSLRVGFRTVEIVGDRFLVNGRRVVFHGMNRHETHPDRGRVFDEESARADLALMKQFNVNAIRTSHYPPHPRLLDLADEMGFWVVLECDLETHGFSVQQWAGNPSDDPAWREAFVDRIERTIERDKNHPSIVMWSLGNEAGTGANLAAMAAWAHARDTGRPVHYEGDYSGAYTDVYSRMYSSVPETEAIGRDDSGSMLLGCSAAESARQRTKPFILCEYVHAMGNGPGAIDQYEDLVDRYPRLHGGFVWEWRDHGLRTRTEDGTEFFAYGGDFNEVIHDGNFVMDGMVLSDSTPSPGLFEYKQIVAPIRLRFGTEVPVGTASDGGARRFMTVANLRHSADSSDVVFQWRTEADGVRSDSGELAVAGTSGKALAAGESVTLALPEFAVPGNGEHWLTVEAVLRKDTDWAPAGHVISAAQLDLSAPAPSVQAPRPMASAGRTVSSGAGSSGAGSSGTGTVNLGPAVFEEGRLLSLGGLSVAGPHLELWRAPTDNDGGAGRGSYDLVDPWLNNGNGVPAPTSASVWRDAGLDRLTARVEKIAANDESVVVRTRYAPADSADSVTVEEQWQLADGELWLRLDIVPSAGWNMIWPRIGVRFDLPGSVDGVSWFGAGPRESYPDSMHAALIGRYSAAIDDLTVAYAKPQESGHRSAVRSLELNNADAPWLRIETVADARGRRPGFTLARHTAQEVSAAAHPHELPPSEHSYLYLDAAQHGLGSRACGPDVWPDFALRPEARTLTLRIGTAG,sabiork,Primary,0.18,0.7693044822256759
3.3.2.6,Leukotriene A4,P09960,WT,None,0.21,4.0,277.15,0.0036081544290095,CCCCCC=CCC=CC=CC=CC1C(O1)CCCC(=O)O,MPEIVDTCSLASPASVCRTKHLHLRCSVDFTRRTLTGTAALTVQSQEDNLRSLVLDTKDLTIEKVVINGQEVKYALGERQSYKGSPMEISLPIALSKNQEIVIEISFETSPKSSALQWLTPEQTSGKEHPYLFSQCQAIHCRAILPCQDTPSVKLTYTAEVSVPKELVALMSAIRDGETPDPEDPSRKIYKFIQKVPIPCYLIALVVGALESRQIGPRTLVWSEKEQVEKSAYEFSETESMLKIAEDLGGPYVWGQYDLLVLPPSFPYGGMENPCLTFVTPTLLAGDKSLSNVIAHEISHSWTGNLVTNKTWDHFWLNEGHTVYLERHICGRLFGEKFRHFNALGGWGELQNSVKTFGETHPFTKLVVDLTDIDPDVAYSSVPYEKGFALLFYLEQLLGGPEIFLGFLKAYVEKFSYKSITTDDWKDFLYSYFKDKVDVLNQVDWNAWLYSPGLPPIKPNYDMTLTNACIALSQRWITAKEDDLNSFNATDLKDLSSHQLNEFLAQTLQRAPLPLGHIKRMQEVYNFNAINNSEIRFRWLRLCIQSKWEDAIPLALKMATEQGRMKFTRPLFKDLAAFDKSHDQAVRTYQEHKASMHPVTAMLVGKDLKVD,sabiork,Un-annotated,0.04,0.9461446869925638
3.5.1.108,UDP-3-O-(3-hydroxytetradecanoyl)-N-acetylglucosamine,P0A725,WT,None,0.09,1.0,274.15,0.003647638154295,CCCCCCCCCCCC(CC(=O)OC1C(C(OC(C1O)CO)OP(=O)([O-])OP(=O)([O-])OCC2C(C(C(O2)N3C=CC(=O)NC3=O)O)O)NC(=O)C)O,MIKQRTLKRIVQATGVGLHTGKKVTLTLRPAPANTGVIYRRTDLNPPVDFPADAKSVRDTMLCTCLVNEHDVRISTVEHLNAALAGLGIDNIVIEVNAPEIPIMDGSAAPFVYLLLDAGIDELNCAKKFVRIKETVRVEDGDKWAEFKPYNGFSLDFTIDFNHPAIDSSNQRYAMNFSADAFMRQISRARTFGFMRDIEYLQSRGLCLGGSFDCAIVVDDYRVLNEDGLRFEDEFVRHKMLDAIGDLFMCGHNIIGAFTAYKSGHALNNKLLQAVLAKQEAWEYVTFQDDAELPLAFKAPSAVLA,sabiork,Primary,0.01,0.9863888382271755
3.5.2.6,Cefotaxime,P04190,WT,None,78.0,15.0,288.15,0.0034704147145583,CC(=O)OCC1=C(N2C(C(C2=O)NC(=O)C(=NOC)C3=CSC(=N3)N)SC1)C(=O)O,MKKNTLLKVGLCVGLLGTIQFVSTISSVQASQKVEKTVIKNETGTISISQLNKNVWVHTELGSFNGEAVPSNGLVLNTSKGLVLVDSSWDDKLTKELIEMVEKKFQKRVTDVIITHAHADRIGGIKTLKERGIKAHSTALTAELAKKNGYEEPLGDLQTVTNLKFGNMKVETFYPGKGHTEDNIVVWLPQYNILVGGCLVKSTSAKDLGNVADAYVNEWSTSIENVLKRYRNINAVVPGHGEVGDKGLLLHTLDLLK,sabiork,Secondary,0.15,0.8057522123893122
3.5.2.6,Cephapirin,P04190,WT,None,101.0,15.0,288.15,0.0034704147145583,CC(=O)OCC1=C(N2C(C(C2=O)NC(=O)CSC3=CC=NC=C3)SC1)C(=O)O,MKKNTLLKVGLCVGLLGTIQFVSTISSVQASQKVEKTVIKNETGTISISQLNKNVWVHTELGSFNGEAVPSNGLVLNTSKGLVLVDSSWDDKLTKELIEMVEKKFQKRVTDVIITHAHADRIGGIKTLKERGIKAHSTALTAELAKKNGYEEPLGDLQTVTNLKFGNMKVETFYPGKGHTEDNIVVWLPQYNILVGGCLVKSTSAKDLGNVADAYVNEWSTSIENVLKRYRNINAVVPGHGEVGDKGLLLHTLDLLK,sabiork,Secondary,0.15,0.8057522123893122
3.5.2.6,Imipenem,P04190,WT,None,122.0,15.0,288.15,0.0034704147145583,CC(C1C2CC(=C(N2C1=O)C(=O)O)SCCN=CN)O,MKKNTLLKVGLCVGLLGTIQFVSTISSVQASQKVEKTVIKNETGTISISQLNKNVWVHTELGSFNGEAVPSNGLVLNTSKGLVLVDSSWDDKLTKELIEMVEKKFQKRVTDVIITHAHADRIGGIKTLKERGIKAHSTALTAELAKKNGYEEPLGDLQTVTNLKFGNMKVETFYPGKGHTEDNIVVWLPQYNILVGGCLVKSTSAKDLGNVADAYVNEWSTSIENVLKRYRNINAVVPGHGEVGDKGLLLHTLDLLK,sabiork,Secondary,0.15,0.8057522123893122
3.7.1.8,"2-Hydroxy-6-oxo-6-phenylhexa-2,4-dienoate",P47229,WT,None,0.98,3.2,276.35,0.003618599601954,C1=CC=C(C=C1)C(=CC=CC(=O)C(=O)O)[O-],MTALTESSTSKFVKINEKGFSDFNIHYNEAGNGETVIMLHGGGPGAGGWSNYYRNVGPFVDAGYRVILKDSPGFNKSDAVVMDEQRGLVNARAVKGLMDALDIDRAHLVGNSMGGATALNFALEYPDRIGKLILMGPGGLGPSMFAPMPMEGIKLLFKLYAEPSYETLKQMLQVFLYDQSLITEELLQGRWEAIQRQPEHLKNFLISAQKAPLSTWDVTARLGEIKAKTFITWGRDDRFVPLDHGLKLLWNIDDARLHVFSKCGHWAQWEHADEFNRLVIDFLRHA,sabiork,Secondary,0.03200000000000045,0.9567910258729657
4.1.1.28,L-Dopa,P20711,WT,None,3.02,10.0,283.15,0.003531696980399,C1=CC(=C(C=C1CC(C(=O)O)N)O)O,MNASEFRRRGKEMVDYMANYMEGIEGRQVYPDVEPGYLRPLIPAAAPQEPDTFEDIINDVEKIIMPGVTHWHSPYFFAYFPTASSYPAMLADMLCGAIGCIGFSWAASPACTELETVMMDWLGKMLELPKAFLNEKAGEGGGVIQGSASEATLVALLAARTKVIHRLQAASPELTQAAIMEKLVAYSSDQAHSSVERAGLIGGVKLKAIPSDGNFAMRASALQEALERDKAAGLIPFFMVATLGTTTCCSFDNLLEVGPICNKEDIWLHVDAAYAGSAFICPEFRHLLNGVEFADSFNFNPHKWLLVNFDCSAMWVKKRTDLTGAFRLDPTYLKHSHQDSGLITDYRHWQIPLGRRFRSLKMWFVFRMYGVKGLQAYIRKHVQLSHEFESLVRQDPRFEICVEVILGLVCFRLKGSNKVNEALLQRINSAKKIHLVPCHLRDKFVLRFAICSRTVESAHVQRAWEHIKELAADVLRAERE,sabiork,Primary,0.1,0.8682147271763481
4.1.1.28,L-Dopa,P20711,MUT,G102S,0.24,10.0,283.15,0.003531696980399,C1=CC(=C(C=C1CC(C(=O)O)N)O)O,MNASEFRRRGKEMVDYMANYMEGIEGRQVYPDVEPGYLRPLIPAAAPQEPDTFEDIINDVEKIIMPGVTHWHSPYFFAYFPTASSYPAMLADMLCGAIGCISFSWAASPACTELETVMMDWLGKMLELPKAFLNEKAGEGGGVIQGSASEATLVALLAARTKVIHRLQAASPELTQAAIMEKLVAYSSDQAHSSVERAGLIGGVKLKAIPSDGNFAMRASALQEALERDKAAGLIPFFMVATLGTTTCCSFDNLLEVGPICNKEDIWLHVDAAYAGSAFICPEFRHLLNGVEFADSFNFNPHKWLLVNFDCSAMWVKKRTDLTGAFRLDPTYLKHSHQDSGLITDYRHWQIPLGRRFRSLKMWFVFRMYGVKGLQAYIRKHVQLSHEFESLVRQDPRFEICVEVILGLVCFRLKGSNKVNEALLQRINSAKKIHLVPCHLRDKFVLRFAICSRTVESAHVQRAWEHIKELAADVLRAERE,sabiork,Primary,0.1,0.8682147271763481
4.1.2.13,D-Fructose 1-phosphate,P05062,WT,None,0.12,10.0,283.15,0.003531696980399,C(C(C(C(C(=O)COP(=O)(O)O)O)O)O)O,MAHRFPALTQEQKKELSEIAQSIVANGKGILAADESVGTMGNRLQRIKVENTEENRRQFREILFSVDSSINQSIGGVILFHETLYQKDSQGKLFRNILKEKGIVVGIKLDQGGAPLAGTNKETTIQGLDGLSERCAQYKKDGVDFGKWRAVLRIADQCPSSLAIQENANALARYASICQQNGLVPIVEPEVIPDGDHDLEHCQYVTEKVLAAVYKALNDHHVYLEGTLLKPNMVTAGHACTKKYTPEQVAMATVTALHRTVPAAVPGICFLSGGMSEEDATLNLNAINLCPLPKPWKLSFSYGRALQASALAAWGGKAANKEATQEAFMKRAMANCQAAKGQYVHTGSSGAASTQSLFTACYTY,sabiork,Primary,0.1,0.8682147271763481
5.2.1.8,Succinyl-Ala-Ala-Pro-Phe-p-nitroanilide,Q9Y3C6,WT,None,960.0,5.0,278.15,0.0035951824555096,CC(C(=O)NC(C)C(=O)N1CCCC1C(=O)NC(CC2=CC=CC=C2)C(=O)NC3=CC=C(C=C3)[N+](=O)[O-])NC(=O)CCC(=O)O,MAAIPPDSWQPPNVYLETSMGIIVLELYWKHAPKTCKNFAELARRGYYNGTKFHRIIKDFMIQGGDPTGTGRGGASIYGKQFEDELHPDLKFTGAGILAMANAGPDTNGSQFFVTLAPTQWLDGKHTIFGRVCQGIGMVNRVGMVETNSQDRPVDDVKIIKAYPSG,sabiork,Un-annotated,0.05,0.9329228833363351
5.4.2.4,"2,3-Bisphosphoglycerate",Q5ZLN1,WT,None,0.22,4.0,277.15,0.0036081544290095,C(C(C(=O)O)OP(=O)(O)O)OP(=O)(O)O,MAAYRLVLVRHGESAWNLENRFCGWYDADLSPAGQQEARRGGEALRDAGYEFDICFTSVQKRAIRTLWNVLDAIDQMWLPVVRTWRLNERHYGALTGLNKAETAAKHGEAQVKIWRRSFDIPPPPMQSDHPFFSTISKDRRYADLTEDQLPTCESLKDTIARALPFWNEEIVPQIKEGKRVLIAAHGNSLRGIVKHLEGMSEEAIMELNLPTGIPIVYELDKNLKPIKPMQFLGDEETVRKAMEAVAAQGKVKK,sabiork,Un-annotated,0.04,0.9461446869925638
5.4.2.11,2-Phosphoglycerate,Q5ZLN1,WT,None,510.0,4.0,277.15,0.0036081544290095,C(C(C(=O)O)OP(=O)(O)O)O,MAAYRLVLVRHGESAWNLENRFCGWYDADLSPAGQQEARRGGEALRDAGYEFDICFTSVQKRAIRTLWNVLDAIDQMWLPVVRTWRLNERHYGALTGLNKAETAAKHGEAQVKIWRRSFDIPPPPMQSDHPFFSTISKDRRYADLTEDQLPTCESLKDTIARALPFWNEEIVPQIKEGKRVLIAAHGNSLRGIVKHLEGMSEEAIMELNLPTGIPIVYELDKNLKPIKPMQFLGDEETVRKAMEAVAAQGKVKK,sabiork,Primary,0.04,0.9461446869925638
3.2.1.1,amylopectin,A0A060DAC6,WT,None,0.15,15.0,288.15,0.0034704147145583,C(C1C(C(C(C(O1)OC2C(OC(C(C2O)O)OCC3C(C(C(C(O3)OC4C(OC(C(C4O)O)O)CO)O)O)OC5C(C(C(C(O5)CO)O)O)O)CO)O)O)O)O,MDNGLMFQGFEWYMPDDGNYYKDLKKKLVDMKRIGVTSVWLPPVCKATGSNDTGYGVYDLYDLGEFDQKGSVRTKYGTKEELLDLIKAIHDEGMYVYADVVLNHKAGADFEEEFMAVKVDNNNRTKEIEKQRNIKAWTGFNFPGRNGKYSDFTWNYNHFSGVDYDASTGDKGIFRIIGENKGWNWGVSHDNGNFDYLMFADIDHANTEVKEELKRWVDWFIEELNLDGIRFDAVKHIDSAFLEEFTSHIKEKMGDEFYFLGEYWDHDVKNKIKFMKSTKYSMDLFDVGLHFNMYAASQNSANYDLRKLFDNTVTKTDPAMSVTFVDNHDSEPGQSLESFVKEWFKEIAYGIILLRKDGYPCIFYGDYYGIGGEFMIKPLKEKIDVLSLIRKNHAYGAQDDYFKEKDLIGWVRQGTEDHPGKCAVVISTREKKTISMFIDKYHSGKVYADFTGNCADKVKVDEEGYGEFTAEAGSISVWLEEEIVLG,brenda,Un-annotated,0.15,0.8057522123893122
3.2.1.1,amylopectin,A0A060DAC6,WT,None,0.042,5.0,278.15,0.0035951824555096,C(C1C(C(C(C(O1)OC2C(OC(C(C2O)O)OCC3C(C(C(C(O3)OC4C(OC(C(C4O)O)O)CO)O)O)OC5C(C(C(C(O5)CO)O)O)O)CO)O)O)O)O,MDNGLMFQGFEWYMPDDGNYYKDLKKKLVDMKRIGVTSVWLPPVCKATGSNDTGYGVYDLYDLGEFDQKGSVRTKYGTKEELLDLIKAIHDEGMYVYADVVLNHKAGADFEEEFMAVKVDNNNRTKEIEKQRNIKAWTGFNFPGRNGKYSDFTWNYNHFSGVDYDASTGDKGIFRIIGENKGWNWGVSHDNGNFDYLMFADIDHANTEVKEELKRWVDWFIEELNLDGIRFDAVKHIDSAFLEEFTSHIKEKMGDEFYFLGEYWDHDVKNKIKFMKSTKYSMDLFDVGLHFNMYAASQNSANYDLRKLFDNTVTKTDPAMSVTFVDNHDSEPGQSLESFVKEWFKEIAYGIILLRKDGYPCIFYGDYYGIGGEFMIKPLKEKIDVLSLIRKNHAYGAQDDYFKEKDLIGWVRQGTEDHPGKCAVVISTREKKTISMFIDKYHSGKVYADFTGNCADKVKVDEEGYGEFTAEAGSISVWLEEEIVLG,brenda,Un-annotated,0.05,0.9329228833363351
1.5.1.3,"7,8-dihydrofolate",P0ABQ4,MUT,C152S/C85A/M1A,4.6,15.0,288.15,0.0034704147145583,C1C(=NC2=C(N1)N=C(NC2=O)N)CNC3=CC=C(C=C3)C(=O)NC(CCC(=O)O)C(=O)O,AISLIAALAVDRVIGMENAMPWNLPADLAWFKRNTLNKPVIMGRHTWESIGRPLPGRKNIILSSQPGTDDRVTWVKSVDEAIAAAGDVPEIMVIGGGRVYEQFLPKAQKLYLTHIDAEVEGDTHFPDYEPDDWESVFSEFHDADAQNSHSYSFEILERR,brenda,Primary,0.15,0.8057522123893122
1.5.1.3,"7,8-dihydrofolate",P0ABQ4,MUT,C152S/C85A,4.9,15.0,288.15,0.0034704147145583,C1C(=NC2=C(N1)N=C(NC2=O)N)CNC3=CC=C(C=C3)C(=O)NC(CCC(=O)O)C(=O)O,MISLIAALAVDRVIGMENAMPWNLPADLAWFKRNTLNKPVIMGRHTWESIGRPLPGRKNIILSSQPGTDDRVTWVKSVDEAIAAAGDVPEIMVIGGGRVYEQFLPKAQKLYLTHIDAEVEGDTHFPDYEPDDWESVFSEFHDADAQNSHSYSFEILERR,brenda,Primary,0.15,0.8057522123893122
1.5.1.3,"7,8-dihydrofolate",P0ABQ4,MUT,C152S/M16F/M20L/M42Y/M92F/C85A/M1A,25.8,15.0,288.15,0.0034704147145583,C1C(=NC2=C(N1)N=C(NC2=O)N)CNC3=CC=C(C=C3)C(=O)NC(CCC(=O)O)C(=O)O,AISLIAALAVDRVIGFENALPWNLPADLAWFKRNTLNKPVIYGRHTWESIGRPLPGRKNIILSSQPGTDDRVTWVKSVDEAIAAAGDVPEIFVIGGGRVYEQFLPKAQKLYLTHIDAEVEGDTHFPDYEPDDWESVFSEFHDADAQNSHSYSFEILERR,brenda,Primary,0.15,0.8057522123893122
3.1.1.88,4-nitrophenyl butyrate,A0A290U7B6,WT,None,417.15,18.0,291.15,0.0034346556757685,CCCC(=O)OC1=CC=C(C=C1)[N+](=O)[O-],MPSGENQFYVDKPSRGENYGAYVADELVEFTRKMFPLSYKKEDTFIAGLSMGGYGALINGLKYHETFSHIGAFSPGLMIDDIASRSELLSVTGWSMDFYGNSFGGIDTIKNSDKDYYYLIDQLLENKKEIPKIYLPIGTDDFLLESVRGFKSFVDKREVPLTYIEDDGGHEWDFWDKYVKNFLEWLPLEEKGNYLNSGNVAEHGFRDADAQKAQAALVAWFEETLKK,brenda,Un-annotated,0.18,0.7693044822256759
3.1.3.12,trehalose 6-phosphate,E9NR87,WT,None,3.94,10.0,283.15,0.003531696980399,C(C1C(C(C(C(O1)OC2C(C(C(C(O2)COP(=O)(O)O)O)O)O)O)O)O)O,MRQPLAQLPAELESAIRRIAQTPHLLLALDFDGTMAPIVEHAEDARPLPRTAAALAALSALEGTTTALVSGRALGSLRMVAAPPAPTLLVGSHGAETWLGPDSPPLVLTAEQSATLELARAAVAQATSLYKGTVAEDKPAGVALHYRLASKADGHAAVELVMEALSGNPAIHISTGKKVLEISVIKANKGQSLVALREYTQATATLFAGDDVTDEHGFEVLRPGDVGIKVGKSQTHAEFRIPKPQDLPMVLELLLAARTNGRPHTT,brenda,Un-annotated,0.1,0.8682147271763481
3.1.3.12,trehalose 6-phosphate,E9NR87,WT,None,1.49,4.0,277.15,0.0036081544290095,C(C1C(C(C(C(O1)OC2C(C(C(C(O2)COP(=O)(O)O)O)O)O)O)O)O)O,MRQPLAQLPAELESAIRRIAQTPHLLLALDFDGTMAPIVEHAEDARPLPRTAAALAALSALEGTTTALVSGRALGSLRMVAAPPAPTLLVGSHGAETWLGPDSPPLVLTAEQSATLELARAAVAQATSLYKGTVAEDKPAGVALHYRLASKADGHAAVELVMEALSGNPAIHISTGKKVLEISVIKANKGQSLVALREYTQATATLFAGDDVTDEHGFEVLRPGDVGIKVGKSQTHAEFRIPKPQDLPMVLELLLAARTNGRPHTT,brenda,Un-annotated,0.04,0.9461446869925638
1.4.3.3,D-alanine,P80324,MUT,Q144R,140.0,15.0,288.15,0.0034704147145583,CC(C(=O)O)N,MHSQKRVVVLGSGVIGLSSALILARKGYSVHILARDLPEDVSSQTFASPWAGANWTPFMTLTDGPRQAKWEESTFKKWVELVPTGHAMWLKGTRRFAQNEDGLLGHWYKDITPNYRPLPSSECPPGAIGVTYDTLSVHAPKYCRYLARELQKLGATFERRTVTSLEQAFDGADLVVNATGLGAKSIAGIDDQAAEPIRGQTVLVKSPCKRCTMDSSDPASPAYIIPRPGGEVICGGTYGVGDWDLSVNPETVQRILKHCLRLDPTISSDGTIEGIEVLRHNVGLRPARRGGPRVEAERIVLPLDRTKSPLSLGRGSARAAKEKEVTLVHAYGFSSAGYQQSWGAAEDVAQLVDEAFQRYHGAARESKL,brenda,Un-annotated,0.15,0.8057522123893122
1.4.3.3,D-alanine,P80324,WT,None,330.0,15.0,288.15,0.0034704147145583,CC(C(=O)O)N,MHSQKRVVVLGSGVIGLSSALILARKGYSVHILARDLPEDVSSQTFASPWAGANWTPFMTLTDGPRQAKWEESTFKKWVELVPTGHAMWLKGTRRFAQNEDGLLGHWYKDITPNYRPLPSSECPPGAIGVTYDTLSVHAPKYCQYLARELQKLGATFERRTVTSLEQAFDGADLVVNATGLGAKSIAGIDDQAAEPIRGQTVLVKSPCKRCTMDSSDPASPAYIIPRPGGEVICGGTYGVGDWDLSVNPETVQRILKHCLRLDPTISSDGTIEGIEVLRHNVGLRPARRGGPRVEAERIVLPLDRTKSPLSLGRGSARAAKEKEVTLVHAYGFSSAGYQQSWGAAEDVAQLVDEAFQRYHGAARESKL,brenda,Un-annotated,0.15,0.8057522123893122
1.4.3.3,D-alanine,P80324,MUT,G52V,0.33,15.0,288.15,0.0034704147145583,CC(C(=O)O)N,MHSQKRVVVLGSGVIGLSSALILARKGYSVHILARDLPEDVSSQTFASPWAVANWTPFMTLTDGPRQAKWEESTFKKWVELVPTGHAMWLKGTRRFAQNEDGLLGHWYKDITPNYRPLPSSECPPGAIGVTYDTLSVHAPKYCQYLARELQKLGATFERRTVTSLEQAFDGADLVVNATGLGAKSIAGIDDQAAEPIRGQTVLVKSPCKRCTMDSSDPASPAYIIPRPGGEVICGGTYGVGDWDLSVNPETVQRILKHCLRLDPTISSDGTIEGIEVLRHNVGLRPARRGGPRVEAERIVLPLDRTKSPLSLGRGSARAAKEKEVTLVHAYGFSSAGYQQSWGAAEDVAQLVDEAFQRYHGAARESKL,brenda,Un-annotated,0.15,0.8057522123893122
1.4.3.3,D-alanine,P80324,MUT,S120P/Q144R/K321M/A345V/S19G,370.0,15.0,288.15,0.0034704147145583,CC(C(=O)O)N,MHSQKRVVVLGSGVIGLSGALILARKGYSVHILARDLPEDVSSQTFASPWAGANWTPFMTLTDGPRQAKWEESTFKKWVELVPTGHAMWLKGTRRFAQNEDGLLGHWYKDITPNYRPLPPSECPPGAIGVTYDTLSVHAPKYCRYLARELQKLGATFERRTVTSLEQAFDGADLVVNATGLGAKSIAGIDDQAAEPIRGQTVLVKSPCKRCTMDSSDPASPAYIIPRPGGEVICGGTYGVGDWDLSVNPETVQRILKHCLRLDPTISSDGTIEGIEVLRHNVGLRPARRGGPRVEAERIVLPLDRTKSPLSLGRGSARAAMEKEVTLVHAYGFSSAGYQQSWGAVEDVAQLVDEAFQRYHGAARESKL,brenda,Un-annotated,0.15,0.8057522123893122
4.1.1.21,4-carboxy-5-aminoimidazole ribonucleotide,Q73PV9,WT,None,16.0,10.0,283.15,0.003531696980399,C1=NC(=C(N1C2C(C(C(O2)COP(=O)(O)O)O)O)N)C(=O)O,MRPLVIILMGSSSDMGHAEKIASELKTFGIEYAIRIGSAHKTAEHVVSMLKEYEALDRPKLYITIAGRSNALSGFVDGFVKGATIACPPPSDSFAGADIYSSLRMPSGISPALVLEPKNAALLAARIFSLYDKEIADSVKSYMESNAQKIIEDDSKLKR,brenda,Primary,0.1,0.8682147271763481
1.1.3.7,4-methoxybenzyl alcohol,O94219,WT,None,129.0,12.0,285.15,0.0035069261792039,COC1=CC=C(C=C1)CO,MSFGALRQLLLIACLALPSLAATNLPTADFDYVVVGAGNAGNVVAARLTEDPDVSVLVLEAGVSDENVLGAEAPLLAPGLVPNSIFDWNYTTTAQAGYNGRSIAYPRGRMLGGSSSVHYMVMMRGSTEDFDRYAAVTGDEGWNWDNIQQFVRKNEMVVPPADNHNTSGEFIPAVHGTNGSVSISLPGFPTPLDDRVLATTQEQSEEFFFNPDMGTGHPLGISWSIASVGNGQRSSSSTAYLRPAQSRPNLSVLINAQVTKLVNSGTTNGLPAFRCVEYAEQEGAPTTTVCAKKEVVLSAGSVGTPILLQLSGIGDENDLSSVGIDTIVNNPSVGRNLSDHLLLPAAFFVNSNQTFDNIFRDSSEFNVDLDQWTNTRTGPLTALIANHLAWLRLPSNSSIFQTFPDPAAGPNSAHWETIFSNQWFHPAIPRPDTGSFMSVTNALISPVARGDIKLATSNPFDKPLINPQYLSTEFDIFTMIQAVKSNLRFLSGQAWADFVIRPFDPRLRDPTDDAAIESYIRDNANTIFHPVGTASMSPRGASWGVVDPDLKVKGVDGLRIVDGSILPFAPNAHTQGPIYLVGKQGADLIKADQ,brenda,Un-annotated,0.12,0.8429668595476015
2.7.1.2,D-glucose,P35557,MUT,S64R/E67D/S69T,56.0,5.0,278.15,0.0035951824555096,C(C1C(C(C(C(O1)O)O)O)O)O,MLDDRARMEAAKKEKVEQILAEFQLQEEDLKKVMRRMQKEMDRGLRLETHEEASVKMLPTYVRRTPDGTEVGDFLSLDLGGTNFRVMLVKVGEGEEGQWSVKTKHQMYSIPEDAMTGTAEMLFDYISECISDFLDKHQMKHKKLPLGFTFSFPVRHEDIDKGILLNWTKGFKASGAEGNNVVGLLRDAIKRRGDFEMDVVAMVNDTVATMISCYYEDHQCEVGMIVGTGCNACYMEEMQNVELVEGDEGRMCVNTEWGAFGDSGELDEFLLEYDRLVDESSANPGQQLYEKLIGGKYMGELVRLVLLRLVDENLLFHGEASEQLRTRGAFETRFVSQVESDTGDRKQIYNILSTLGLRPSTTDCDIVRRACESVSTRAAHMCSAGLAGVINRMRESRSEDVMRITVGVDGSVYKLHPSFKERFHASVRRLTPSCEITFIESEEGSGRGAALVSAVACKKACMLGQ,brenda,Primary,0.05,0.9329228833363351
2.7.1.2,D-glucose,P35557,WT,None,40.1,5.0,278.15,0.0035951824555096,C(C1C(C(C(C(O1)O)O)O)O)O,MLDDRARMEAAKKEKVEQILAEFQLQEEDLKKVMRRMQKEMDRGLRLETHEEASVKMLPTYVRSTPEGSEVGDFLSLDLGGTNFRVMLVKVGEGEEGQWSVKTKHQMYSIPEDAMTGTAEMLFDYISECISDFLDKHQMKHKKLPLGFTFSFPVRHEDIDKGILLNWTKGFKASGAEGNNVVGLLRDAIKRRGDFEMDVVAMVNDTVATMISCYYEDHQCEVGMIVGTGCNACYMEEMQNVELVEGDEGRMCVNTEWGAFGDSGELDEFLLEYDRLVDESSANPGQQLYEKLIGGKYMGELVRLVLLRLVDENLLFHGEASEQLRTRGAFETRFVSQVESDTGDRKQIYNILSTLGLRPSTTDCDIVRRACESVSTRAAHMCSAGLAGVINRMRESRSEDVMRITVGVDGSVYKLHPSFKERFHASVRRLTPSCEITFIESEEGSGRGAALVSAVACKKACMLGQ,brenda,Primary,0.05,0.9329228833363351
6.3.2.3,ATP,Q3IFA2,WT,None,0.87,10.0,283.15,0.003531696980399,C1=NC(=C2C(=N1)N(C=N2)C3C(C(C(O3)COP(=O)(O)OP(=O)(O)OP(=O)(O)O)O)O)N,MAIKLGIISDPISGFNIKKDTGFAMMMQAQARGYEIYYMEMDDLSLRQGQAYATAAKAQVFDDPNNWYQLEQKTTIALGDLDVILMRKDPPFDTEYIYATYILERAEQAGTLIVNKPQSLRDANEKLFTAWFSEYTPDTLVTRSQKQIREFLAQHKDIILKPLDGMGGASIFRVKADDANIGVICETLTEHGSRFAMVQNYVPEITQGDKRVLVVDGEVIPYCLARIPQNGETRGNLAVGGRGEARPLSESDLKIAQAVAPTLKEKGLIFVGLDIIGDKLTEINVTAPTCVKEIEAAYDISITGILFDAIEKRLAK,brenda,Primary,0.1,0.8682147271763481
6.3.2.3,ATP,Q3IFA2,WT,None,1.85,15.0,288.15,0.0034704147145583,C1=NC(=C2C(=N1)N(C=N2)C3C(C(C(O3)COP(=O)(O)OP(=O)(O)OP(=O)(O)O)O)O)N,MAIKLGIISDPISGFNIKKDTGFAMMMQAQARGYEIYYMEMDDLSLRQGQAYATAAKAQVFDDPNNWYQLEQKTTIALGDLDVILMRKDPPFDTEYIYATYILERAEQAGTLIVNKPQSLRDANEKLFTAWFSEYTPDTLVTRSQKQIREFLAQHKDIILKPLDGMGGASIFRVKADDANIGVICETLTEHGSRFAMVQNYVPEITQGDKRVLVVDGEVIPYCLARIPQNGETRGNLAVGGRGEARPLSESDLKIAQAVAPTLKEKGLIFVGLDIIGDKLTEINVTAPTCVKEIEAAYDISITGILFDAIEKRLAK,brenda,Primary,0.15,0.8057522123893122
3.2.1.23,2-nitrophenyl-beta-D-galactopyranoside,Q08KN3,WT,None,12.7,10.0,283.15,0.003531696980399,C1=CC=C(C(=C1)[N+](=O)[O-])OC2C(C(C(C(O2)CO)O)O)O,MTPADVSYITDQGPGSGLRVPARSWLNSDAPSLSLNGDWRFRLLPAAPGTPGAGSVLPDGESVEGVAAESFDDSAWDTLPVPSHWVLHGEGKYGRPIYTNVQYPFPSDPPFVPDANPTGDYRRSFDVPAAWFGKYDAALTLRFDGVGSRYKVWVNGQEIGVGSGSRLAQEFDVTAALRPGSNLLVVRVHQWSAASYLEDQDQWWLPGIFRDVTLAARPAGGITDVWLRTGWTADTGAGQGAGTGTLDPEIIAEADAYPVTLTAPALGVAVRWDSPADVVPFTVDNVEPWSAELPRLYEATVSSAAESITLRLGFRTVEIVGDQFLVNGRRVVFHGVNRHETNPDRGRVFDEADAREDLALMKRFNVNAIRTSHYPPHPRLLDLADEMGFWVILESDLETHGFHRQGWVDNPSDVPAWRDAFVDRMERTVERDKNHASIVMWSLGNESGTGANLTVMQAWTHTAVRLSRPVHYEGDYTGAYTNVYSRMYSSIPETDSIGRNDSHALLLGCDAAESARQRTRPFILCEYVHAMGNGRGAMDQYEELVDKYPRLHGGFVWEWRDHGIRANTADGTEFFAYGGDLGEVIHDSNFVMDGMVLSDSTPTPGLHEYKQIVSPIRLSLALDDGGAPRLTVANLRHTADASDVVLRWRVEHNGAVAASGELAVDSADGPLRAGESVTLTLPPVAAAPEGETWLTMEVVLRDATEWAPAGHPLAATQLDLSAPQSAPRAPRPAAPVSGASPLSLGHAMFDAGALVALAGLPVSGPRFELWRAPTDNDRGKGFGAYGPEDPWLNNGKGVPAPSSEAVWKQAGLDRLTRRVEDVAALPDGLRVRNRYAAANSAASVAVEENWQLAGEELWLRLDIMPSAGWDLVFLRIGVRLDLPTDVDGASWFGAGPRESYADSMHATVVGRHSGSIDELNVPYARPQETGHRSDVRSLELSRNGAPWLRIEADPDALGRRPGFSLARHTAQQVTAAGHPHELPASSHSYLYLDAAQHGLGSRACGPDVWPDFALRPEARTLVLRFSAL,brenda,Primary,0.1,0.8682147271763481
3.2.1.23,2-nitrophenyl-beta-D-galactopyranoside,C7ASJ5,WT,None,52.4,10.0,283.15,0.003531696980399,C1=CC=C(C(=C1)[N+](=O)[O-])OC2C(C(C(C(O2)CO)O)O)O,MGKRFPSGWFSPRVHPPRRQRSPMTNQATPGTASVWNNIEGIGFGGDYNPEQWPVSVRLEDLELMQEAGVNFLSVGIFSWALLEPAEGQYDFGWLDDVMDNLHGIGVKVALATATAAPPAWLVRKHPEILPVTADGTTLGPGSRRHYTPSSAVYRKYAAGITRVLAERYKDHPALALWHVDNELGCHVSEFYGEEDAAAFRLWLERRYGTIDALNAAWGTAFWSQHYGSFEEILPPGVAPSTLNPGQQLDFQRFNSWALMDYYRSLVAVLREVTPAVPCTTNLMASSATKSMDYFSWAKDLDVIANDHYLVAADPERHIELAFSADLTRGIAGGDPWILMEHSTSAVNWQPRNQPKMPGEMLRNSLAHVARGADAVMFFQWRQSFAGSEKFHSAMVPHGGRDTRVWREVVDLGAALQLLAPVRGSRVESRAAIVFDYEAWWASEIDSKPSIDVRYLDLLRAFHRSLFLRGVSVDMVHPSASLDGYDLVLVCTLYSVTDEAAANIAAAAAGGATVLVSYFSGITDEKDHVRLGGYPGAFRELLGVRVEEFHPLLAGSQLKLSDGTVSSIWSEHVHLDGAEAFQTFTGYPLEGVPSLTRRAVGTGAAWYLATFPDRDGIESLVDRLLAESGVSPVAEADAGVELTRRRSADGGSFLFAINHTRAAASVRASGTDVLSGERFTGTVEAGSVAVIAED,brenda,Primary,0.1,0.8682147271763481
3.2.1.23,lactose,Q08KN3,WT,None,3.02,10.0,283.15,0.003531696980399,C(C1C(C(C(C(O1)OC2C(OC(C(C2O)O)O)CO)O)O)O)O,MTPADVSYITDQGPGSGLRVPARSWLNSDAPSLSLNGDWRFRLLPAAPGTPGAGSVLPDGESVEGVAAESFDDSAWDTLPVPSHWVLHGEGKYGRPIYTNVQYPFPSDPPFVPDANPTGDYRRSFDVPAAWFGKYDAALTLRFDGVGSRYKVWVNGQEIGVGSGSRLAQEFDVTAALRPGSNLLVVRVHQWSAASYLEDQDQWWLPGIFRDVTLAARPAGGITDVWLRTGWTADTGAGQGAGTGTLDPEIIAEADAYPVTLTAPALGVAVRWDSPADVVPFTVDNVEPWSAELPRLYEATVSSAAESITLRLGFRTVEIVGDQFLVNGRRVVFHGVNRHETNPDRGRVFDEADAREDLALMKRFNVNAIRTSHYPPHPRLLDLADEMGFWVILESDLETHGFHRQGWVDNPSDVPAWRDAFVDRMERTVERDKNHASIVMWSLGNESGTGANLTVMQAWTHTAVRLSRPVHYEGDYTGAYTNVYSRMYSSIPETDSIGRNDSHALLLGCDAAESARQRTRPFILCEYVHAMGNGRGAMDQYEELVDKYPRLHGGFVWEWRDHGIRANTADGTEFFAYGGDLGEVIHDSNFVMDGMVLSDSTPTPGLHEYKQIVSPIRLSLALDDGGAPRLTVANLRHTADASDVVLRWRVEHNGAVAASGELAVDSADGPLRAGESVTLTLPPVAAAPEGETWLTMEVVLRDATEWAPAGHPLAATQLDLSAPQSAPRAPRPAAPVSGASPLSLGHAMFDAGALVALAGLPVSGPRFELWRAPTDNDRGKGFGAYGPEDPWLNNGKGVPAPSSEAVWKQAGLDRLTRRVEDVAALPDGLRVRNRYAAANSAASVAVEENWQLAGEELWLRLDIMPSAGWDLVFLRIGVRLDLPTDVDGASWFGAGPRESYADSMHATVVGRHSGSIDELNVPYARPQETGHRSDVRSLELSRNGAPWLRIEADPDALGRRPGFSLARHTAQQVTAAGHPHELPASSHSYLYLDAAQHGLGSRACGPDVWPDFALRPEARTLVLRFSAL,brenda,Primary,0.1,0.8682147271763481
3.2.1.23,lactose,C7ASJ5,WT,None,1.76,10.0,283.15,0.003531696980399,C(C1C(C(C(C(O1)OC2C(OC(C(C2O)O)O)CO)O)O)O)O,MGKRFPSGWFSPRVHPPRRQRSPMTNQATPGTASVWNNIEGIGFGGDYNPEQWPVSVRLEDLELMQEAGVNFLSVGIFSWALLEPAEGQYDFGWLDDVMDNLHGIGVKVALATATAAPPAWLVRKHPEILPVTADGTTLGPGSRRHYTPSSAVYRKYAAGITRVLAERYKDHPALALWHVDNELGCHVSEFYGEEDAAAFRLWLERRYGTIDALNAAWGTAFWSQHYGSFEEILPPGVAPSTLNPGQQLDFQRFNSWALMDYYRSLVAVLREVTPAVPCTTNLMASSATKSMDYFSWAKDLDVIANDHYLVAADPERHIELAFSADLTRGIAGGDPWILMEHSTSAVNWQPRNQPKMPGEMLRNSLAHVARGADAVMFFQWRQSFAGSEKFHSAMVPHGGRDTRVWREVVDLGAALQLLAPVRGSRVESRAAIVFDYEAWWASEIDSKPSIDVRYLDLLRAFHRSLFLRGVSVDMVHPSASLDGYDLVLVCTLYSVTDEAAANIAAAAAGGATVLVSYFSGITDEKDHVRLGGYPGAFRELLGVRVEEFHPLLAGSQLKLSDGTVSSIWSEHVHLDGAEAFQTFTGYPLEGVPSLTRRAVGTGAAWYLATFPDRDGIESLVDRLLAESGVSPVAEADAGVELTRRRSADGGSFLFAINHTRAAASVRASGTDVLSGERFTGTVEAGSVAVIAED,brenda,Primary,0.1,0.8682147271763481
3.2.1.23,o-nitrophenyl beta-D-galactopyranoside,Q9KI47,WT,None,104.0,10.0,283.15,0.003531696980399,C1=CC=C(C(=C1)[N+](=O)[O-])OC2C(C(C(C(O2)CO)O)O)O,MINDKLPKIWHGGDYNPEQWDSKEIWDEDVRMFKLAGIDVATLNVFSWALNQPNEDTYNFDWLDEKINRLYENGIYTCLATSTAAHPAWMAKKYPDVLRVDFYGRKRKFGSRHNSCPNSPTYRKYSERIAETLAERYKDHPAVLIWHVSNEYGGYCYCDNCQDAFRNWLSDKYGTLEKLNKAWNTGFWGHTFYEWDEIVAPNMLSEKREDNVSDFQGISLDYRRFQSDRLLDCYKLEYNAIRKHVPTSIPITTNLMGTYPMLDYFKWAKEMDVVSWDNYPSIDTPFSYTAMTHDLMRGLKGGKPFMLMEQTPSQQNWQPYNSLKRPGVMRLWSYQAIGRGADTILYFQLRRSVGACEKYHGAVIEHVGHEHTRVFNEVAQLGQELNGLSDTLLDARVNAKVAIVFDWENRWATELSSGPSVSLDYVNEVHKYYDALYKLNVQVDMIGVEEDLSKYDVVIAPVLYMVKEGYAAKVEKFVENGGTFLTTFFSGIVNETDIVTLGGYPGELRKVLGIWAEEIDALHPDETNQIVVKGSRGILSGKYSCNLLFDLIHTEGAEAVAEYGSDFYKGMPVLTVNKFGKGKAWYVASSPDAEFLVDFLQTVCEEAGVEPLLDVPAGVETTERVKDGQTYLFVLNHNNDEVTIELHGSQYREVLTDEQVSGNLVLKEKGVLILAKV,brenda,Primary,0.1,0.8682147271763481
3.2.1.23,o-nitrophenyl beta-D-galactopyranoside,Q9KI47,WT,None,81.8,0.9,274.04999999999995,0.0036489691662105,C1=CC=C(C(=C1)[N+](=O)[O-])OC2C(C(C(C(O2)CO)O)O)O,MINDKLPKIWHGGDYNPEQWDSKEIWDEDVRMFKLAGIDVATLNVFSWALNQPNEDTYNFDWLDEKINRLYENGIYTCLATSTAAHPAWMAKKYPDVLRVDFYGRKRKFGSRHNSCPNSPTYRKYSERIAETLAERYKDHPAVLIWHVSNEYGGYCYCDNCQDAFRNWLSDKYGTLEKLNKAWNTGFWGHTFYEWDEIVAPNMLSEKREDNVSDFQGISLDYRRFQSDRLLDCYKLEYNAIRKHVPTSIPITTNLMGTYPMLDYFKWAKEMDVVSWDNYPSIDTPFSYTAMTHDLMRGLKGGKPFMLMEQTPSQQNWQPYNSLKRPGVMRLWSYQAIGRGADTILYFQLRRSVGACEKYHGAVIEHVGHEHTRVFNEVAQLGQELNGLSDTLLDARVNAKVAIVFDWENRWATELSSGPSVSLDYVNEVHKYYDALYKLNVQVDMIGVEEDLSKYDVVIAPVLYMVKEGYAAKVEKFVENGGTFLTTFFSGIVNETDIVTLGGYPGELRKVLGIWAEEIDALHPDETNQIVVKGSRGILSGKYSCNLLFDLIHTEGAEAVAEYGSDFYKGMPVLTVNKFGKGKAWYVASSPDAEFLVDFLQTVCEEAGVEPLLDVPAGVETTERVKDGQTYLFVLNHNNDEVTIELHGSQYREVLTDEQVSGNLVLKEKGVLILAKV,brenda,Primary,0.008999999999999772,0.9877454844006339
3.1.3.48,4-nitrophenyl phosphate,Q9S427,MUT,L145V,11.4,5.0,278.15,0.0035951824555096,C1=CC(=CC=C1[N+](=O)[O-])OP(=O)(O)O,MNKIYCLAVLSLTLLSPLALANTATEFDGPYVITPISGQSTAYWICDNRLKTTSIEKLQVNRPEHCGDLPETKLSSEIKQIMPDTYLGIKKVVALSDVHGQYDVLLTLLKKQKIIDSDGNWAFGEGHMVMTGDIFDRGHQVNEVVWFMYQLDQQARDAGGMVHLLMGNHEQMVLGGDLRYVHQRYDIATTLINRPYNKLYGADTEIGQWLRSKNTIIKINDVLYMHGGISSEWISRELTLDKANALYRANVDASKKSLKADDLLNFLFFGNGPTWYRGYFSETFTEAELDTILQHFNVNHIVVGHTSQERVLGLFHNKVIAVDSSIKVGKSGELLLLENNRLIRGLYDGTRETLQENSLNQ,brenda,Secondary,0.05,0.9329228833363351
3.1.3.48,4-nitrophenyl phosphate,Q9S427,MUT,L145F,129.0,5.0,278.15,0.0035951824555096,C1=CC(=CC=C1[N+](=O)[O-])OP(=O)(O)O,MNKIYCLAVLSLTLLSPLALANTATEFDGPYVITPISGQSTAYWICDNRLKTTSIEKLQVNRPEHCGDLPETKLSSEIKQIMPDTYLGIKKVVALSDVHGQYDVLLTLLKKQKIIDSDGNWAFGEGHMVMTGDIFDRGHQVNEVFWFMYQLDQQARDAGGMVHLLMGNHEQMVLGGDLRYVHQRYDIATTLINRPYNKLYGADTEIGQWLRSKNTIIKINDVLYMHGGISSEWISRELTLDKANALYRANVDASKKSLKADDLLNFLFFGNGPTWYRGYFSETFTEAELDTILQHFNVNHIVVGHTSQERVLGLFHNKVIAVDSSIKVGKSGELLLLENNRLIRGLYDGTRETLQENSLNQ,brenda,Secondary,0.05,0.9329228833363351
3.1.3.48,4-nitrophenyl phosphate,Q9S427,MUT,I115F,262.0,5.0,278.15,0.0035951824555096,C1=CC(=CC=C1[N+](=O)[O-])OP(=O)(O)O,MNKIYCLAVLSLTLLSPLALANTATEFDGPYVITPISGQSTAYWICDNRLKTTSIEKLQVNRPEHCGDLPETKLSSEIKQIMPDTYLGIKKVVALSDVHGQYDVLLTLLKKQKIFDSDGNWAFGEGHMVMTGDIFDRGHQVNEVLWFMYQLDQQARDAGGMVHLLMGNHEQMVLGGDLRYVHQRYDIATTLINRPYNKLYGADTEIGQWLRSKNTIIKINDVLYMHGGISSEWISRELTLDKANALYRANVDASKKSLKADDLLNFLFFGNGPTWYRGYFSETFTEAELDTILQHFNVNHIVVGHTSQERVLGLFHNKVIAVDSSIKVGKSGELLLLENNRLIRGLYDGTRETLQENSLNQ,brenda,Secondary,0.05,0.9329228833363351
3.1.3.48,4-nitrophenyl phosphate,Q9S427,MUT,L145A,21.9,5.0,278.15,0.0035951824555096,C1=CC(=CC=C1[N+](=O)[O-])OP(=O)(O)O,MNKIYCLAVLSLTLLSPLALANTATEFDGPYVITPISGQSTAYWICDNRLKTTSIEKLQVNRPEHCGDLPETKLSSEIKQIMPDTYLGIKKVVALSDVHGQYDVLLTLLKKQKIIDSDGNWAFGEGHMVMTGDIFDRGHQVNEVAWFMYQLDQQARDAGGMVHLLMGNHEQMVLGGDLRYVHQRYDIATTLINRPYNKLYGADTEIGQWLRSKNTIIKINDVLYMHGGISSEWISRELTLDKANALYRANVDASKKSLKADDLLNFLFFGNGPTWYRGYFSETFTEAELDTILQHFNVNHIVVGHTSQERVLGLFHNKVIAVDSSIKVGKSGELLLLENNRLIRGLYDGTRETLQENSLNQ,brenda,Secondary,0.05,0.9329228833363351
3.1.3.48,4-nitrophenyl phosphate,Q9S427,WT,None,184.9,5.0,278.15,0.0035951824555096,C1=CC(=CC=C1[N+](=O)[O-])OP(=O)(O)O,MNKIYCLAVLSLTLLSPLALANTATEFDGPYVITPISGQSTAYWICDNRLKTTSIEKLQVNRPEHCGDLPETKLSSEIKQIMPDTYLGIKKVVALSDVHGQYDVLLTLLKKQKIIDSDGNWAFGEGHMVMTGDIFDRGHQVNEVLWFMYQLDQQARDAGGMVHLLMGNHEQMVLGGDLRYVHQRYDIATTLINRPYNKLYGADTEIGQWLRSKNTIIKINDVLYMHGGISSEWISRELTLDKANALYRANVDASKKSLKADDLLNFLFFGNGPTWYRGYFSETFTEAELDTILQHFNVNHIVVGHTSQERVLGLFHNKVIAVDSSIKVGKSGELLLLENNRLIRGLYDGTRETLQENSLNQ,brenda,Secondary,0.05,0.9329228833363351
3.1.3.48,4-nitrophenyl phosphate,Q9S427,MUT,I115V,184.8,5.0,278.15,0.0035951824555096,C1=CC(=CC=C1[N+](=O)[O-])OP(=O)(O)O,MNKIYCLAVLSLTLLSPLALANTATEFDGPYVITPISGQSTAYWICDNRLKTTSIEKLQVNRPEHCGDLPETKLSSEIKQIMPDTYLGIKKVVALSDVHGQYDVLLTLLKKQKIVDSDGNWAFGEGHMVMTGDIFDRGHQVNEVLWFMYQLDQQARDAGGMVHLLMGNHEQMVLGGDLRYVHQRYDIATTLINRPYNKLYGADTEIGQWLRSKNTIIKINDVLYMHGGISSEWISRELTLDKANALYRANVDASKKSLKADDLLNFLFFGNGPTWYRGYFSETFTEAELDTILQHFNVNHIVVGHTSQERVLGLFHNKVIAVDSSIKVGKSGELLLLENNRLIRGLYDGTRETLQENSLNQ,brenda,Secondary,0.05,0.9329228833363351
3.1.3.48,4-nitrophenyl phosphate,Q9S427,MUT,I115L,184.1,5.0,278.15,0.0035951824555096,C1=CC(=CC=C1[N+](=O)[O-])OP(=O)(O)O,MNKIYCLAVLSLTLLSPLALANTATEFDGPYVITPISGQSTAYWICDNRLKTTSIEKLQVNRPEHCGDLPETKLSSEIKQIMPDTYLGIKKVVALSDVHGQYDVLLTLLKKQKILDSDGNWAFGEGHMVMTGDIFDRGHQVNEVLWFMYQLDQQARDAGGMVHLLMGNHEQMVLGGDLRYVHQRYDIATTLINRPYNKLYGADTEIGQWLRSKNTIIKINDVLYMHGGISSEWISRELTLDKANALYRANVDASKKSLKADDLLNFLFFGNGPTWYRGYFSETFTEAELDTILQHFNVNHIVVGHTSQERVLGLFHNKVIAVDSSIKVGKSGELLLLENNRLIRGLYDGTRETLQENSLNQ,brenda,Secondary,0.05,0.9329228833363351
3.1.3.48,4-nitrophenyl phosphate,Q9S427,MUT,I115M,223.7,5.0,278.15,0.0035951824555096,C1=CC(=CC=C1[N+](=O)[O-])OP(=O)(O)O,MNKIYCLAVLSLTLLSPLALANTATEFDGPYVITPISGQSTAYWICDNRLKTTSIEKLQVNRPEHCGDLPETKLSSEIKQIMPDTYLGIKKVVALSDVHGQYDVLLTLLKKQKIMDSDGNWAFGEGHMVMTGDIFDRGHQVNEVLWFMYQLDQQARDAGGMVHLLMGNHEQMVLGGDLRYVHQRYDIATTLINRPYNKLYGADTEIGQWLRSKNTIIKINDVLYMHGGISSEWISRELTLDKANALYRANVDASKKSLKADDLLNFLFFGNGPTWYRGYFSETFTEAELDTILQHFNVNHIVVGHTSQERVLGLFHNKVIAVDSSIKVGKSGELLLLENNRLIRGLYDGTRETLQENSLNQ,brenda,Secondary,0.05,0.9329228833363351
3.1.3.48,4-nitrophenyl phosphate,Q9S427,MUT,L145M,167.1,5.0,278.15,0.0035951824555096,C1=CC(=CC=C1[N+](=O)[O-])OP(=O)(O)O,MNKIYCLAVLSLTLLSPLALANTATEFDGPYVITPISGQSTAYWICDNRLKTTSIEKLQVNRPEHCGDLPETKLSSEIKQIMPDTYLGIKKVVALSDVHGQYDVLLTLLKKQKIIDSDGNWAFGEGHMVMTGDIFDRGHQVNEVMWFMYQLDQQARDAGGMVHLLMGNHEQMVLGGDLRYVHQRYDIATTLINRPYNKLYGADTEIGQWLRSKNTIIKINDVLYMHGGISSEWISRELTLDKANALYRANVDASKKSLKADDLLNFLFFGNGPTWYRGYFSETFTEAELDTILQHFNVNHIVVGHTSQERVLGLFHNKVIAVDSSIKVGKSGELLLLENNRLIRGLYDGTRETLQENSLNQ,brenda,Secondary,0.05,0.9329228833363351
1.1.1.27,pyruvate,P50933,WT,None,884.0,0.0,273.15,0.0036609921288669,CC(=O)C(=O)[O-],MKVGVVGTGFVGSTAAFALVLRGSCSELVLVDRDEDRAQAEAEDIAHAAPVSHGTRVWHGGHSELADAQVVILTAGANQKPGESRLDLLEKNADIFRELVPQITRAAPDAVLLVTSNPVDLLTDLATQLAPGQPVIGSGTVLDSARFRHLMAQHAGVDGTHAHGYVLGEHGDSEVLAWSSAMVAGMPVADFMQAQNLPWNEQVRAKIDEGTRNAAASIIEGKRATYYGIGAALARITEAVLRDRRAVLTVSAPTPEYGVSLSLPRVVGRQGVLSTLHPKLTGDEQQKLEQSAGVLRGFKQQLGL,brenda,Un-annotated,0.0,1.0
1.1.1.27,pyruvate,Q5SJA1,WT,None,676.0,0.0,273.15,0.0036609921288669,CC(=O)C(=O)[O-],MKVGIVGSGMVGSATAYALALLGVAREVVLVDLDRKLAQAHAEDILHATPFAHPVWVRAGSYGDLEGARAVVLAAGVAQRPGETRLQLLDRNAQVFAQVVPRVLEAAPEAVLLVATNPVDVMTQVAYRLSGLPPGRVVGSGTILDTARFRALLAEYLRVAPQSVHAYVLGEHGDSEVLVWSSAQVGGVPLLEFAEARGRALSPEDRARIDEGVRRAAYRIIEGKGATYYGIGAGLARLVRAILTDEKGVYTVSAFTPEVEGVLEVSLSLPRILGAGGVEGTVYPSLSPEEREALRRSAEILKEAAFALGF,brenda,Un-annotated,0.0,1.0
2.4.2.10,Orotate,Q8T6J6,WT,None,10.8,7.0,280.15,0.0035695163305372,C1=C(NC(=O)NC1=O)C(=O)[O-],MGFKVKLEKRRNAINTCLCIGLDPDEKDIENFMKNEKENNYNNIKKNLKEKYINNVSIKKDILLKAPDNIIREEKSEEFFYFFNHFCFYIINETNKYALTFKMNFAFYIPYGSVGIDVLKNVFDYLYELNIPTILDMKINDIGNTVKNYRKFIFEYLKSDSCTVNIYMGTNMLKDICYDEEKNKYYSAFVLVKTTNPDSAIFQKNLSLDNKQAYVIMAQEALNMSSYLNLEQNNEFIGFVVGANSYDEMNYIRTYFPNCYILSPGIGAQNGDLHKTLTNGYHKSYEKILINIGRAITKNPYPQKAAQMYYDQINAILKQNMES,brenda,Secondary,0.07,0.9067624486882138
2.3.1.277,glycerone phosphate,P18394,WT,None,2.0,15.0,288.15,0.0034704147145583,C(C(=O)COP(=O)(O)O)O,MDAEAEVVHPVGIEMVHRTRPEDAFPRNWVRLGRDRFAVEAVLPHDHPFFAPVGDDLHDPLLVAEAMRQAAMLAFHAGYGIPLGYHFLLTELDYVCHPEHLGVGGEPTEIGLEVFCSDLKWRAGLPAQGRVGWAVHRGDRLAATGVAATRFSTPKAYRRMRGDVPVEGISLPETAPVPASPAGRARVEDVVLSGTGREGVWELRVDTRHPTLFQRPNDHVPGMLLLEAARQAACLVAGPAGIVPVEARTRFHRYSEFGSPCWIGAVVQPGADEDTVTVRVTGHQDGETVFSTVLSGPRAHG,brenda,Un-annotated,0.15,0.8057522123893122
1.14.13.236,Toluene,Q00456,WT,None,0.21,4.0,277.15,0.0036081544290095,CC1=CC=CC=C1,MAMHPRKDWYELTRATNWTPSYVTEEQLFPERMSGHMGIPLEKWESYDEPYKTSYPEYVSIQREKDAGAYSVKAALERAKIYENSDPGWISTLKSHYGAIAVGEYAAVTGEGRMARFSKAPGNRNMATFGMMDELRHGQLQLFFPHEYCKKDRQFDWAWRAYHSNEWAAIAAKHFFDDIITGRDAISVAIMLTFSFETGFTNMQFLGLAADAAEAGDYTFANLISSIQTDESRHAQQGGPALQLLIENGKREEAQKKVDMAIWRAWRLFAVLTGPVMDYYTPLEDRSQSFKEFMYEWIIGQFERSLIDLGLDKPWYWDLFLKDIDELHHSYHMGVWYWRTTAWWNPAAGVTPEERDWLEEKYPGWNKRWGRCWDVITENVLNDRMDLVSPETLPSVCNMSQIPLVGVPGDDWNIEVFSLEHNGRLYHFGSEVDRWVFQQDPVQYQNHMNIVDRFLAGQIQPMTLEGALKYMGFQSIEEMGKDAHDFAWADKCKPAMKKSA,brenda,Secondary,0.04,0.9461446869925638
1.14.13.236,Toluene,Q00456,MUT,T201A,0.23,4.0,277.15,0.0036081544290095,CC1=CC=CC=C1,MAMHPRKDWYELTRATNWTPSYVTEEQLFPERMSGHMGIPLEKWESYDEPYKTSYPEYVSIQREKDAGAYSVKAALERAKIYENSDPGWISTLKSHYGAIAVGEYAAVTGEGRMARFSKAPGNRNMATFGMMDELRHGQLQLFFPHEYCKKDRQFDWAWRAYHSNEWAAIAAKHFFDDIITGRDAISVAIMLTFSFETGFANMQFLGLAADAAEAGDYTFANLISSIQTDESRHAQQGGPALQLLIENGKREEAQKKVDMAIWRAWRLFAVLTGPVMDYYTPLEDRSQSFKEFMYEWIIGQFERSLIDLGLDKPWYWDLFLKDIDELHHSYHMGVWYWRTTAWWNPAAGVTPEERDWLEEKYPGWNKRWGRCWDVITENVLNDRMDLVSPETLPSVCNMSQIPLVGVPGDDWNIEVFSLEHNGRLYHFGSEVDRWVFQQDPVQYQNHMNIVDRFLAGQIQPMTLEGALKYMGFQSIEEMGKDAHDFAWADKCKPAMKKSA,brenda,Secondary,0.04,0.9461446869925638
1.14.13.236,Benzene,Q00456,WT,None,0.1,4.0,277.15,0.0036081544290095,C1=CC=CC=C1,MAMHPRKDWYELTRATNWTPSYVTEEQLFPERMSGHMGIPLEKWESYDEPYKTSYPEYVSIQREKDAGAYSVKAALERAKIYENSDPGWISTLKSHYGAIAVGEYAAVTGEGRMARFSKAPGNRNMATFGMMDELRHGQLQLFFPHEYCKKDRQFDWAWRAYHSNEWAAIAAKHFFDDIITGRDAISVAIMLTFSFETGFTNMQFLGLAADAAEAGDYTFANLISSIQTDESRHAQQGGPALQLLIENGKREEAQKKVDMAIWRAWRLFAVLTGPVMDYYTPLEDRSQSFKEFMYEWIIGQFERSLIDLGLDKPWYWDLFLKDIDELHHSYHMGVWYWRTTAWWNPAAGVTPEERDWLEEKYPGWNKRWGRCWDVITENVLNDRMDLVSPETLPSVCNMSQIPLVGVPGDDWNIEVFSLEHNGRLYHFGSEVDRWVFQQDPVQYQNHMNIVDRFLAGQIQPMTLEGALKYMGFQSIEEMGKDAHDFAWADKCKPAMKKSA,brenda,Secondary,0.04,0.9461446869925638
1.14.13.236,Benzene,Q00456,MUT,T201A,0.31,4.0,277.15,0.0036081544290095,C1=CC=CC=C1,MAMHPRKDWYELTRATNWTPSYVTEEQLFPERMSGHMGIPLEKWESYDEPYKTSYPEYVSIQREKDAGAYSVKAALERAKIYENSDPGWISTLKSHYGAIAVGEYAAVTGEGRMARFSKAPGNRNMATFGMMDELRHGQLQLFFPHEYCKKDRQFDWAWRAYHSNEWAAIAAKHFFDDIITGRDAISVAIMLTFSFETGFANMQFLGLAADAAEAGDYTFANLISSIQTDESRHAQQGGPALQLLIENGKREEAQKKVDMAIWRAWRLFAVLTGPVMDYYTPLEDRSQSFKEFMYEWIIGQFERSLIDLGLDKPWYWDLFLKDIDELHHSYHMGVWYWRTTAWWNPAAGVTPEERDWLEEKYPGWNKRWGRCWDVITENVLNDRMDLVSPETLPSVCNMSQIPLVGVPGDDWNIEVFSLEHNGRLYHFGSEVDRWVFQQDPVQYQNHMNIVDRFLAGQIQPMTLEGALKYMGFQSIEEMGKDAHDFAWADKCKPAMKKSA,brenda,Secondary,0.04,0.9461446869925638
1.14.13.236,anisole,Q00456,WT,None,0.16,4.0,277.15,0.0036081544290095,COC1=CC=CC=C1,MAMHPRKDWYELTRATNWTPSYVTEEQLFPERMSGHMGIPLEKWESYDEPYKTSYPEYVSIQREKDAGAYSVKAALERAKIYENSDPGWISTLKSHYGAIAVGEYAAVTGEGRMARFSKAPGNRNMATFGMMDELRHGQLQLFFPHEYCKKDRQFDWAWRAYHSNEWAAIAAKHFFDDIITGRDAISVAIMLTFSFETGFTNMQFLGLAADAAEAGDYTFANLISSIQTDESRHAQQGGPALQLLIENGKREEAQKKVDMAIWRAWRLFAVLTGPVMDYYTPLEDRSQSFKEFMYEWIIGQFERSLIDLGLDKPWYWDLFLKDIDELHHSYHMGVWYWRTTAWWNPAAGVTPEERDWLEEKYPGWNKRWGRCWDVITENVLNDRMDLVSPETLPSVCNMSQIPLVGVPGDDWNIEVFSLEHNGRLYHFGSEVDRWVFQQDPVQYQNHMNIVDRFLAGQIQPMTLEGALKYMGFQSIEEMGKDAHDFAWADKCKPAMKKSA,brenda,Secondary,0.04,0.9461446869925638
1.14.13.236,anisole,Q00456,MUT,T201A,0.23,4.0,277.15,0.0036081544290095,COC1=CC=CC=C1,MAMHPRKDWYELTRATNWTPSYVTEEQLFPERMSGHMGIPLEKWESYDEPYKTSYPEYVSIQREKDAGAYSVKAALERAKIYENSDPGWISTLKSHYGAIAVGEYAAVTGEGRMARFSKAPGNRNMATFGMMDELRHGQLQLFFPHEYCKKDRQFDWAWRAYHSNEWAAIAAKHFFDDIITGRDAISVAIMLTFSFETGFANMQFLGLAADAAEAGDYTFANLISSIQTDESRHAQQGGPALQLLIENGKREEAQKKVDMAIWRAWRLFAVLTGPVMDYYTPLEDRSQSFKEFMYEWIIGQFERSLIDLGLDKPWYWDLFLKDIDELHHSYHMGVWYWRTTAWWNPAAGVTPEERDWLEEKYPGWNKRWGRCWDVITENVLNDRMDLVSPETLPSVCNMSQIPLVGVPGDDWNIEVFSLEHNGRLYHFGSEVDRWVFQQDPVQYQNHMNIVDRFLAGQIQPMTLEGALKYMGFQSIEEMGKDAHDFAWADKCKPAMKKSA,brenda,Secondary,0.04,0.9461446869925638
1.14.13.236,chlorobenzene,Q00456,WT,None,0.075,4.0,277.15,0.0036081544290095,C1=CC=C(C=C1)Cl,MAMHPRKDWYELTRATNWTPSYVTEEQLFPERMSGHMGIPLEKWESYDEPYKTSYPEYVSIQREKDAGAYSVKAALERAKIYENSDPGWISTLKSHYGAIAVGEYAAVTGEGRMARFSKAPGNRNMATFGMMDELRHGQLQLFFPHEYCKKDRQFDWAWRAYHSNEWAAIAAKHFFDDIITGRDAISVAIMLTFSFETGFTNMQFLGLAADAAEAGDYTFANLISSIQTDESRHAQQGGPALQLLIENGKREEAQKKVDMAIWRAWRLFAVLTGPVMDYYTPLEDRSQSFKEFMYEWIIGQFERSLIDLGLDKPWYWDLFLKDIDELHHSYHMGVWYWRTTAWWNPAAGVTPEERDWLEEKYPGWNKRWGRCWDVITENVLNDRMDLVSPETLPSVCNMSQIPLVGVPGDDWNIEVFSLEHNGRLYHFGSEVDRWVFQQDPVQYQNHMNIVDRFLAGQIQPMTLEGALKYMGFQSIEEMGKDAHDFAWADKCKPAMKKSA,brenda,Secondary,0.04,0.9461446869925638
1.14.13.236,chlorobenzene,Q00456,MUT,T201A,0.087,4.0,277.15,0.0036081544290095,C1=CC=C(C=C1)Cl,MAMHPRKDWYELTRATNWTPSYVTEEQLFPERMSGHMGIPLEKWESYDEPYKTSYPEYVSIQREKDAGAYSVKAALERAKIYENSDPGWISTLKSHYGAIAVGEYAAVTGEGRMARFSKAPGNRNMATFGMMDELRHGQLQLFFPHEYCKKDRQFDWAWRAYHSNEWAAIAAKHFFDDIITGRDAISVAIMLTFSFETGFANMQFLGLAADAAEAGDYTFANLISSIQTDESRHAQQGGPALQLLIENGKREEAQKKVDMAIWRAWRLFAVLTGPVMDYYTPLEDRSQSFKEFMYEWIIGQFERSLIDLGLDKPWYWDLFLKDIDELHHSYHMGVWYWRTTAWWNPAAGVTPEERDWLEEKYPGWNKRWGRCWDVITENVLNDRMDLVSPETLPSVCNMSQIPLVGVPGDDWNIEVFSLEHNGRLYHFGSEVDRWVFQQDPVQYQNHMNIVDRFLAGQIQPMTLEGALKYMGFQSIEEMGKDAHDFAWADKCKPAMKKSA,brenda,Secondary,0.04,0.9461446869925638
1.14.13.236,nitrobenzene,Q00456,WT,None,0.013,4.0,277.15,0.0036081544290095,C1=CC=C(C=C1)[N+](=O)[O-],MAMHPRKDWYELTRATNWTPSYVTEEQLFPERMSGHMGIPLEKWESYDEPYKTSYPEYVSIQREKDAGAYSVKAALERAKIYENSDPGWISTLKSHYGAIAVGEYAAVTGEGRMARFSKAPGNRNMATFGMMDELRHGQLQLFFPHEYCKKDRQFDWAWRAYHSNEWAAIAAKHFFDDIITGRDAISVAIMLTFSFETGFTNMQFLGLAADAAEAGDYTFANLISSIQTDESRHAQQGGPALQLLIENGKREEAQKKVDMAIWRAWRLFAVLTGPVMDYYTPLEDRSQSFKEFMYEWIIGQFERSLIDLGLDKPWYWDLFLKDIDELHHSYHMGVWYWRTTAWWNPAAGVTPEERDWLEEKYPGWNKRWGRCWDVITENVLNDRMDLVSPETLPSVCNMSQIPLVGVPGDDWNIEVFSLEHNGRLYHFGSEVDRWVFQQDPVQYQNHMNIVDRFLAGQIQPMTLEGALKYMGFQSIEEMGKDAHDFAWADKCKPAMKKSA,brenda,Secondary,0.04,0.9461446869925638
1.14.13.236,nitrobenzene,Q00456,MUT,T201A,0.034,4.0,277.15,0.0036081544290095,C1=CC=C(C=C1)[N+](=O)[O-],MAMHPRKDWYELTRATNWTPSYVTEEQLFPERMSGHMGIPLEKWESYDEPYKTSYPEYVSIQREKDAGAYSVKAALERAKIYENSDPGWISTLKSHYGAIAVGEYAAVTGEGRMARFSKAPGNRNMATFGMMDELRHGQLQLFFPHEYCKKDRQFDWAWRAYHSNEWAAIAAKHFFDDIITGRDAISVAIMLTFSFETGFANMQFLGLAADAAEAGDYTFANLISSIQTDESRHAQQGGPALQLLIENGKREEAQKKVDMAIWRAWRLFAVLTGPVMDYYTPLEDRSQSFKEFMYEWIIGQFERSLIDLGLDKPWYWDLFLKDIDELHHSYHMGVWYWRTTAWWNPAAGVTPEERDWLEEKYPGWNKRWGRCWDVITENVLNDRMDLVSPETLPSVCNMSQIPLVGVPGDDWNIEVFSLEHNGRLYHFGSEVDRWVFQQDPVQYQNHMNIVDRFLAGQIQPMTLEGALKYMGFQSIEEMGKDAHDFAWADKCKPAMKKSA,brenda,Secondary,0.04,0.9461446869925638
1.14.11.60,scopoletin,Q9LE86,WT,None,1.73,0.5,273.65,0.0036543029417138,COC1=C(C=C2C(=C1)C=CC(=O)O2)O,MGINFEDQTTLFNFVVREGNGVKGMIDSGLSSVPRPFVQPLSERIPTQKALTCEATQPIDLSNLDGPQHKEVAKQIVEAAETLGFFQVVNHGVSVELLELLKSSAHEFFAQAPEEKSMYLKEVSPSKLVKYGTSFVPDKEKAIEWKDYVSMLYTNDSEALQHWPQPCREVALEFLNSSMEMVKNVVNILMENVGVTLEEEKMNGLMGTKMVNMNYYPTCPSPELTVGVGRHSDMGMLTVLLQDGIGGLYVKLDNGEWAEIPPVHGALVINIGDTLQILSNGKYKSAEHRVRTTNIGSRVSVPIFTAPNPSQKVGPLPEVVKRDGVARYKEFLFQDYMNNFFGQPHDGKKSLDFARAE,brenda,Un-annotated,0.005,0.9931819842864517
2.3.1.167,10-deacetyltaxol,Q9M6E2,MUT,G38R,0.000815,0.5,273.65,0.0036543029417138,CC1=C2C(C(=O)C3(C(CC4C(C3C(C(C2(C)C)(CC1OC(=O)C(C(C5=CC=CC=C5)NC(=O)C6=CC=CC=C6)O)O)OC(=O)C7=CC=CC=C7)(CO4)OC(=O)C)O)C)O,MAGSTEFVVRSLERVMVAPSQPSPKAFLQLSTLDNLPRVRENIFNTLLVYNASDRVSVDPAKVIRQALSKVLVYYSPFAGRLRKKENGDLEVECTGEGALFVEAMADTDLSVLGDLDDYSPSLEQLLFCLPPDTDIEDIHPLVVQVTRFTCGGFVVGVSFCHGICDGLGAGQFLIAMGEMARGEIKPSSEPIWKRELLKPEDPLYRFQYYHFQLICPPSTFGKIVQGSLVITSETINCIKQCLREESKEFCSAFEVVSALAWIARTRALQIPHSENVKLIFAMDMRKLFNPPLSKGYYGNFVGTVCAMDNVKDLLSGSLLRVVRIIKKAKVSLNEHFTSTIVTPRSGSDESINYENIVGFGDRRRLGFDEVDFGWGHADNVSLVQHGLKDVSVVQSYFLFIRPPKNNPDGIKILSFMPPSIVKSFKFEMETMTNKYVTKP,brenda,Un-annotated,0.005,0.9931819842864517
2.3.1.167,10-deacetyltaxol,Q9M6E2,MUT,F301V,0.000396,0.5,273.65,0.0036543029417138,CC1=C2C(C(=O)C3(C(CC4C(C3C(C(C2(C)C)(CC1OC(=O)C(C(C5=CC=CC=C5)NC(=O)C6=CC=CC=C6)O)O)OC(=O)C7=CC=CC=C7)(CO4)OC(=O)C)O)C)O,MAGSTEFVVRSLERVMVAPSQPSPKAFLQLSTLDNLPGVRENIFNTLLVYNASDRVSVDPAKVIRQALSKVLVYYSPFAGRLRKKENGDLEVECTGEGALFVEAMADTDLSVLGDLDDYSPSLEQLLFCLPPDTDIEDIHPLVVQVTRFTCGGFVVGVSFCHGICDGLGAGQFLIAMGEMARGEIKPSSEPIWKRELLKPEDPLYRFQYYHFQLICPPSTFGKIVQGSLVITSETINCIKQCLREESKEFCSAFEVVSALAWIARTRALQIPHSENVKLIFAMDMRKLFNPPLSKGYYGNVVGTVCAMDNVKDLLSGSLLRVVRIIKKAKVSLNEHFTSTIVTPRSGSDESINYENIVGFGDRRRLGFDEVDFGWGHADNVSLVQHGLKDVSVVQSYFLFIRPPKNNPDGIKILSFMPPSIVKSFKFEMETMTNKYVTKP,brenda,Un-annotated,0.005,0.9931819842864517
2.3.1.167,10-deacetyltaxol,Q9M6E2,MUT,F301V/G38R,0.001499,0.5,273.65,0.0036543029417138,CC1=C2C(C(=O)C3(C(CC4C(C3C(C(C2(C)C)(CC1OC(=O)C(C(C5=CC=CC=C5)NC(=O)C6=CC=CC=C6)O)O)OC(=O)C7=CC=CC=C7)(CO4)OC(=O)C)O)C)O,MAGSTEFVVRSLERVMVAPSQPSPKAFLQLSTLDNLPRVRENIFNTLLVYNASDRVSVDPAKVIRQALSKVLVYYSPFAGRLRKKENGDLEVECTGEGALFVEAMADTDLSVLGDLDDYSPSLEQLLFCLPPDTDIEDIHPLVVQVTRFTCGGFVVGVSFCHGICDGLGAGQFLIAMGEMARGEIKPSSEPIWKRELLKPEDPLYRFQYYHFQLICPPSTFGKIVQGSLVITSETINCIKQCLREESKEFCSAFEVVSALAWIARTRALQIPHSENVKLIFAMDMRKLFNPPLSKGYYGNVVGTVCAMDNVKDLLSGSLLRVVRIIKKAKVSLNEHFTSTIVTPRSGSDESINYENIVGFGDRRRLGFDEVDFGWGHADNVSLVQHGLKDVSVVQSYFLFIRPPKNNPDGIKILSFMPPSIVKSFKFEMETMTNKYVTKP,brenda,Un-annotated,0.005,0.9931819842864517
3.4.13.9,Met-Pro,P81535,WT,None,4594.0,0.0,273.15,0.0036609921288669,CSCCC(C(=O)N1CCCC1C(=O)O)N,MKERLEKLVKFMDENSIDRVFIAKPVNVYYFSGTSPLGGGYIIVDGDEATLYVPELEYEMAKEESKLPVVKFKKFDEIYEILKNTETLGIEGTLSYSMVENFKEKSNVKEFKKIDDVIKDLRIIKTKEEIEIIEKACEIADKAVMAAIEEITEGKREREVAAKVEYLMKMNGAEKPAFDTIIASGHRSALPHGVASDKRIERGDLVVIDLGALYNHYNSDITRTIVVGSPNEKQREIYEIVLEAQKRAVEAAKPGMTAKELDSIAREIIKEYGYGDYFIHSLGHGVGLEIHEWPRISQYDETVLKEGMVITIEPGIYIPKLGGVRIEDTVLITENGAKRLTKTERELL,brenda,Un-annotated,0.0,1.0
3.4.13.9,Met-Pro,O58885,WT,None,2617.0,0.0,273.15,0.0036609921288669,CSCCC(C(=O)N1CCCC1C(=O)O)N,MDIMNEKVKKIIEFMDKNSIDAVLIAKNPNVYYISGASPLAGGYILITGESATLYVPELEYEMAKEESNIPVEKFKKMDEFYKALEGIKSLGIESSLPYGFIEELKKKANIKEFKKVDDVIRDMRIIKSEKEIKIIEKACEIADKAVMAAIEEITEGKKEREVAAKVEYLMKMNGAEKPAFDTIIASGYRSALPHGVASDKRIERGDLVVIDLGALYQHYNSDITRTIVVGSPNEKQKEIYEIVLEAQKKAVESAKPGITAKELDSIARNIIAEYGYGEYFNHSLGHGVGLEVHEWPRVSQYDETVLREGMVITIEPGIYIPKIGGVRIEDTILITKNGSKRLTKTERELI,brenda,Un-annotated,0.0,1.0
4.1.1.18,L-lysine,P0A9H3,WT,None,30.0,4.0,277.15,0.0036081544290095,C(CCN)CC(C(=O)O)N,MNVIAILNHMGVYFKEEPIRELHRALERLNFQIVYPNDRDDLLKLIENNARLCGVIFDWDKYNLELCEEISKMNENLPLYAFANTYSTLDVSLNDLRLQISFFEYALGAAEDIANKIKQTTDEYINTILPPLTKALFKYVREGKYTFCTPGHMGGTAFQKSPVGSLFYDFFGPNTMKSDISISVSELGSLLDHSGPHKEAEQYIARVFNADRSYMVTNGTSTANKIVGMYSAPAGSTILIDRNCHKSLTHLMMMSDVTPIYFRPTRNAYGILGGIPQSEFQHATIAKRVKETPNATWPVHAVITNSTYDGLLYNTDFIKKTLDVKSIHFDSAWVPYTNFSPIYEGKCGMSGGRVEGKVIYETQSTHKLLAAFSQASMIHVKGDVNEETFNEAYMMHTTTSPHYGIVASTETAAAMMKGNAGKRLINGSIERAIKFRKEIKRLRTESDGWFFDVWQPDHIDTTECWPLRSDSTWHGFKNIDNEHMYLDPIKVTLLTPGMEKDGTMSDFGIPASIVAKYLDEHGIVVEKTGPYNLLFLFSIGIDKTKALSLLRALTDFKRAFDLNLRVKNMLPSLYREDPEFYENMRIQELAQNIHKLIVHHNLPDLMYRAFEVLPTMVMTPYAAFQKELHGMTEEVYLDEMVGRINANMILPYPPGVPLVMPGEMITEESRPVLEFLQMLCEIGAHYPGFETDIHGAYRQADGRYTVKVLKEESKK,brenda,Un-annotated,0.04,0.9461446869925638
5.3.3.1,"5-androstene-3,17-dione",P00947,MUT,D38E,250.0,9.0,282.15,0.0035442140705298,CC12CCC3C(C1CCC2=O)CC=C4C3(CCC(=O)C4)C,MNTPEHMTAVVQRYVAALNAGDLDGIVALFADDATVEEPVGSEPRSGTAAIREFYANSLKLPLAVELTQEVRAVANEAAFAFTVSFEYQGRKTVVAPIDHFRFNGAGKVVSMRALFGEKNIHAGA,brenda,Secondary,0.09,0.8809728867623224
5.3.3.1,"5-androstene-3,17-dione",P00947,MUT,D38E,53.0,4.0,277.15,0.0036081544290095,CC12CCC3C(C1CCC2=O)CC=C4C3(CCC(=O)C4)C,MNTPEHMTAVVQRYVAALNAGDLDGIVALFADDATVEEPVGSEPRSGTAAIREFYANSLKLPLAVELTQEVRAVANEAAFAFTVSFEYQGRKTVVAPIDHFRFNGAGKVVSMRALFGEKNIHAGA,brenda,Secondary,0.04,0.9461446869925638
5.3.3.1,"5-androstene-3,17-dione",P00947,MUT,D38E,180.0,0.0,273.15,0.0036609921288669,CC12CCC3C(C1CCC2=O)CC=C4C3(CCC(=O)C4)C,MNTPEHMTAVVQRYVAALNAGDLDGIVALFADDATVEEPVGSEPRSGTAAIREFYANSLKLPLAVELTQEVRAVANEAAFAFTVSFEYQGRKTVVAPIDHFRFNGAGKVVSMRALFGEKNIHAGA,brenda,Secondary,0.0,1.0
5.3.3.1,"5-androstene-3,17-dione",P00947,MUT,D38E,145.0,1.0,274.15,0.003647638154295,CC12CCC3C(C1CCC2=O)CC=C4C3(CCC(=O)C4)C,MNTPEHMTAVVQRYVAALNAGDLDGIVALFADDATVEEPVGSEPRSGTAAIREFYANSLKLPLAVELTQEVRAVANEAAFAFTVSFEYQGRKTVVAPIDHFRFNGAGKVVSMRALFGEKNIHAGA,brenda,Secondary,0.01,0.9863888382271755
5.3.3.1,"5-androstene-3,17-dione",P00947,MUT,D38E,101.0,3.0,276.15,0.0036212203512583,CC12CCC3C(C1CCC2=O)CC=C4C3(CCC(=O)C4)C,MNTPEHMTAVVQRYVAALNAGDLDGIVALFADDATVEEPVGSEPRSGTAAIREFYANSLKLPLAVELTQEVRAVANEAAFAFTVSFEYQGRKTVVAPIDHFRFNGAGKVVSMRALFGEKNIHAGA,brenda,Secondary,0.03,0.959462248777786
1.18.1.5,NADH,P16640,MUT,R310E,720.0,4.0,277.15,0.0036081544290095,C1C=CN(C=C1C(=O)N)C2C(C(C(O2)COP(=O)(O)OP(=O)(O)OCC3C(C(C(O3)N4C=NC5=C(N=CN=C54)N)O)O)O)O,MNANDNVVIVGTGLAGVEVAFGLRASGWEGNIRLVGDATVIPHHLPPLSKAYLAGKATAESLYLRTPDAYAAQNIQLLGGTQVTAINRDRQQVILSDGRALDYDRLVLATGGRPRPLPVASGAVGKANNFRYLRTLEDAECIRRQLIADNRLVVIGGGYIGLEVAATAIKANMHVTLLDTAARVLERVTAPPVSAFYEHLHREAGVDIRTGTQVCGFEMSTDQQKVTAVLCEDGTRLPADLVIAGIGLIPNCELASAAGLQVDNGIVINEHMQTSDPLIMAVGDCARFHSQLYDRWVRIESVPNALEQAEKIAAILCGKVPRDEAAPWFWSDQYEIGLKMVGLSEGYDRIIVRGSLAQPDFSVFYLQGDRVLAVDTVNRPVEFNQSKQIITDRLPVEPNLLGDESVPLKEIIAAAKAELSSA,brenda,Un-annotated,0.04,0.9461446869925638
1.18.1.5,NADH,P16640,MUT,K409A,800.0,4.0,277.15,0.0036081544290095,C1C=CN(C=C1C(=O)N)C2C(C(C(O2)COP(=O)(O)OP(=O)(O)OCC3C(C(C(O3)N4C=NC5=C(N=CN=C54)N)O)O)O)O,MNANDNVVIVGTGLAGVEVAFGLRASGWEGNIRLVGDATVIPHHLPPLSKAYLAGKATAESLYLRTPDAYAAQNIQLLGGTQVTAINRDRQQVILSDGRALDYDRLVLATGGRPRPLPVASGAVGKANNFRYLRTLEDAECIRRQLIADNRLVVIGGGYIGLEVAATAIKANMHVTLLDTAARVLERVTAPPVSAFYEHLHREAGVDIRTGTQVCGFEMSTDQQKVTAVLCEDGTRLPADLVIAGIGLIPNCELASAAGLQVDNGIVINEHMQTSDPLIMAVGDCARFHSQLYDRWVRIESVPNALEQARKIAAILCGKVPRDEAAPWFWSDQYEIGLKMVGLSEGYDRIIVRGSLAQPDFSVFYLQGDRVLAVDTVNRPVEFNQSKQIITDRLPVEPNLLGDESVPLAEIIAAAKAELSSA,brenda,Un-annotated,0.04,0.9461446869925638
1.18.1.5,NADH,P16640,MUT,K387A,780.0,4.0,277.15,0.0036081544290095,C1C=CN(C=C1C(=O)N)C2C(C(C(O2)COP(=O)(O)OP(=O)(O)OCC3C(C(C(O3)N4C=NC5=C(N=CN=C54)N)O)O)O)O,MNANDNVVIVGTGLAGVEVAFGLRASGWEGNIRLVGDATVIPHHLPPLSKAYLAGKATAESLYLRTPDAYAAQNIQLLGGTQVTAINRDRQQVILSDGRALDYDRLVLATGGRPRPLPVASGAVGKANNFRYLRTLEDAECIRRQLIADNRLVVIGGGYIGLEVAATAIKANMHVTLLDTAARVLERVTAPPVSAFYEHLHREAGVDIRTGTQVCGFEMSTDQQKVTAVLCEDGTRLPADLVIAGIGLIPNCELASAAGLQVDNGIVINEHMQTSDPLIMAVGDCARFHSQLYDRWVRIESVPNALEQARKIAAILCGKVPRDEAAPWFWSDQYEIGLKMVGLSEGYDRIIVRGSLAQPDFSVFYLQGDRVLAVDTVNRPVEFNQSAQIITDRLPVEPNLLGDESVPLKEIIAAAKAELSSA,brenda,Un-annotated,0.04,0.9461446869925638
1.18.1.5,NADH,P16640,MUT,R65A,754.0,4.0,277.15,0.0036081544290095,C1C=CN(C=C1C(=O)N)C2C(C(C(O2)COP(=O)(O)OP(=O)(O)OCC3C(C(C(O3)N4C=NC5=C(N=CN=C54)N)O)O)O)O,MNANDNVVIVGTGLAGVEVAFGLRASGWEGNIRLVGDATVIPHHLPPLSKAYLAGKATAESLYLATPDAYAAQNIQLLGGTQVTAINRDRQQVILSDGRALDYDRLVLATGGRPRPLPVASGAVGKANNFRYLRTLEDAECIRRQLIADNRLVVIGGGYIGLEVAATAIKANMHVTLLDTAARVLERVTAPPVSAFYEHLHREAGVDIRTGTQVCGFEMSTDQQKVTAVLCEDGTRLPADLVIAGIGLIPNCELASAAGLQVDNGIVINEHMQTSDPLIMAVGDCARFHSQLYDRWVRIESVPNALEQARKIAAILCGKVPRDEAAPWFWSDQYEIGLKMVGLSEGYDRIIVRGSLAQPDFSVFYLQGDRVLAVDTVNRPVEFNQSKQIITDRLPVEPNLLGDESVPLKEIIAAAKAELSSA,brenda,Un-annotated,0.04,0.9461446869925638
1.18.1.5,NADH,P16640,MUT,N384A,820.0,4.0,277.15,0.0036081544290095,C1C=CN(C=C1C(=O)N)C2C(C(C(O2)COP(=O)(O)OP(=O)(O)OCC3C(C(C(O3)N4C=NC5=C(N=CN=C54)N)O)O)O)O,MNANDNVVIVGTGLAGVEVAFGLRASGWEGNIRLVGDATVIPHHLPPLSKAYLAGKATAESLYLRTPDAYAAQNIQLLGGTQVTAINRDRQQVILSDGRALDYDRLVLATGGRPRPLPVASGAVGKANNFRYLRTLEDAECIRRQLIADNRLVVIGGGYIGLEVAATAIKANMHVTLLDTAARVLERVTAPPVSAFYEHLHREAGVDIRTGTQVCGFEMSTDQQKVTAVLCEDGTRLPADLVIAGIGLIPNCELASAAGLQVDNGIVINEHMQTSDPLIMAVGDCARFHSQLYDRWVRIESVPNALEQARKIAAILCGKVPRDEAAPWFWSDQYEIGLKMVGLSEGYDRIIVRGSLAQPDFSVFYLQGDRVLAVDTVNRPVEFAQSKQIITDRLPVEPNLLGDESVPLKEIIAAAKAELSSA,brenda,Un-annotated,0.04,0.9461446869925638
1.18.1.5,NADH,P16640,WT,None,806.0,4.0,277.15,0.0036081544290095,C1C=CN(C=C1C(=O)N)C2C(C(C(O2)COP(=O)(O)OP(=O)(O)OCC3C(C(C(O3)N4C=NC5=C(N=CN=C54)N)O)O)O)O,MNANDNVVIVGTGLAGVEVAFGLRASGWEGNIRLVGDATVIPHHLPPLSKAYLAGKATAESLYLRTPDAYAAQNIQLLGGTQVTAINRDRQQVILSDGRALDYDRLVLATGGRPRPLPVASGAVGKANNFRYLRTLEDAECIRRQLIADNRLVVIGGGYIGLEVAATAIKANMHVTLLDTAARVLERVTAPPVSAFYEHLHREAGVDIRTGTQVCGFEMSTDQQKVTAVLCEDGTRLPADLVIAGIGLIPNCELASAAGLQVDNGIVINEHMQTSDPLIMAVGDCARFHSQLYDRWVRIESVPNALEQARKIAAILCGKVPRDEAAPWFWSDQYEIGLKMVGLSEGYDRIIVRGSLAQPDFSVFYLQGDRVLAVDTVNRPVEFNQSKQIITDRLPVEPNLLGDESVPLKEIIAAAKAELSSA,brenda,Un-annotated,0.04,0.9461446869925638
1.18.1.5,NADH,P16640,MUT,R310A,729.0,4.0,277.15,0.0036081544290095,C1C=CN(C=C1C(=O)N)C2C(C(C(O2)COP(=O)(O)OP(=O)(O)OCC3C(C(C(O3)N4C=NC5=C(N=CN=C54)N)O)O)O)O,MNANDNVVIVGTGLAGVEVAFGLRASGWEGNIRLVGDATVIPHHLPPLSKAYLAGKATAESLYLRTPDAYAAQNIQLLGGTQVTAINRDRQQVILSDGRALDYDRLVLATGGRPRPLPVASGAVGKANNFRYLRTLEDAECIRRQLIADNRLVVIGGGYIGLEVAATAIKANMHVTLLDTAARVLERVTAPPVSAFYEHLHREAGVDIRTGTQVCGFEMSTDQQKVTAVLCEDGTRLPADLVIAGIGLIPNCELASAAGLQVDNGIVINEHMQTSDPLIMAVGDCARFHSQLYDRWVRIESVPNALEQAAKIAAILCGKVPRDEAAPWFWSDQYEIGLKMVGLSEGYDRIIVRGSLAQPDFSVFYLQGDRVLAVDTVNRPVEFNQSKQIITDRLPVEPNLLGDESVPLKEIIAAAKAELSSA,brenda,Un-annotated,0.04,0.9461446869925638
2.3.1.180,isobutyryl-CoA,C0LNR0,WT,None,0.102,10.0,283.15,0.003531696980399,CC(C)C(=O)SCCNC(=O)CCNC(=O)C(C(C)(C)COP(=O)(O)OP(=O)(O)OCC1C(C(C(O1)N2C=NC3=C(N=CN=C32)N)O)OP(=O)(O)O)O,MNAGILGVGKYVPEKIVTNFDLEKIMDTSDEWIRTRTGIEERRIARDDEYTHDLAYEAAKVAIKNAGLTPDDIDLFIVATVTQEATFPSVANIIQDRLGAKNAAGMDVEAACAGFTFGVVTAAQFIKTGAYKNIVVVGADKLSKITNWDDRTTAVLFGDGAGAVVMGPVSDDHGLLSFDLGSDGSGGKYLNLDENKKIYMNGREVFRFAVRQMGEASLRVLERAGLEKEDLDLLIPHQANIRIMEASRERLNLPEEKLMKTVHKYGNTSSSSIALALVDAVEEGRIKDNDNVLLVGFGGGLTWGALIIRWGK,brenda,Secondary,0.1,0.8682147271763481
2.3.1.180,isovaleryl-CoA,C0LNR0,WT,None,0.018,10.0,283.15,0.003531696980399,CC(C)CC(=O)SCCNC(=O)CCNC(=O)C(C(C)(C)COP(=O)(O)OP(=O)(O)OCC1C(C(C(O1)N2C=NC3=C(N=CN=C32)N)O)OP(=O)(O)O)O,MNAGILGVGKYVPEKIVTNFDLEKIMDTSDEWIRTRTGIEERRIARDDEYTHDLAYEAAKVAIKNAGLTPDDIDLFIVATVTQEATFPSVANIIQDRLGAKNAAGMDVEAACAGFTFGVVTAAQFIKTGAYKNIVVVGADKLSKITNWDDRTTAVLFGDGAGAVVMGPVSDDHGLLSFDLGSDGSGGKYLNLDENKKIYMNGREVFRFAVRQMGEASLRVLERAGLEKEDLDLLIPHQANIRIMEASRERLNLPEEKLMKTVHKYGNTSSSSIALALVDAVEEGRIKDNDNVLLVGFGGGLTWGALIIRWGK,brenda,Secondary,0.1,0.8682147271763481
2.3.1.180,2-methylbutyryl-CoA,C0LNR0,WT,None,0.105,10.0,283.15,0.003531696980399,CCC(C)C(=O)SCCNC(=O)CCNC(=O)C(C(C)(C)COP(=O)(O)OP(=O)(O)OCC1C(C(C(O1)N2C=NC3=C(N=CN=C32)N)O)OP(=O)(O)O)O,MNAGILGVGKYVPEKIVTNFDLEKIMDTSDEWIRTRTGIEERRIARDDEYTHDLAYEAAKVAIKNAGLTPDDIDLFIVATVTQEATFPSVANIIQDRLGAKNAAGMDVEAACAGFTFGVVTAAQFIKTGAYKNIVVVGADKLSKITNWDDRTTAVLFGDGAGAVVMGPVSDDHGLLSFDLGSDGSGGKYLNLDENKKIYMNGREVFRFAVRQMGEASLRVLERAGLEKEDLDLLIPHQANIRIMEASRERLNLPEEKLMKTVHKYGNTSSSSIALALVDAVEEGRIKDNDNVLLVGFGGGLTWGALIIRWGK,brenda,Secondary,0.1,0.8682147271763481
1.1.1.1,ethanol,Q8L3C9,WT,None,39.9,10.0,283.15,0.003531696980399,CCO,MLPKTMKAAVIREFGSLLKIEEVEVKRPGRNEILVKVIASGVCHTDLHAVEGDWPVKPKMPLIPGHEAVGYVVAVGQEVKNVKEGDAVGVPWLYSACGGCDQCITGWETLCDTQQNGGYSVDGGFAEYVIADARYVGLLPSNVNFMEMAPILCAGVTVYKGLKETEVKPGEWVAISGIGGLGHVAVQYAKAMGMHVAAIDVADDKLDLAKKLGADLVVNAKNQNPGEFLKKEVGGMHGALITAVSPIAFKQGLETLRRKGTMALNGLPPGNFDLSIFDTVLNRITIRGSIVGTRKDMKEAIEFAVEGKVKATVTPAKLENINEVFDKMKKGQIEGRVVLEIAKA,brenda,Secondary,0.1,0.8682147271763481
1.13.11.60,linoleate,Q9UUS2,WT,None,15.0,0.0,273.15,0.0036609921288669,CCCCCC=CCC=CCCCCCCCC(=O)O,MTVSTHHDDSPGLSGRLRDLLHHVFGNQKSPTVYPNAPGNSAKPVPTGLADDIDKLGFKDIDTLLIFLNSAVKGVNDDQQFLLEKMIQLLAKLPPASREGKKLTDGLINDLWDSLDHPPVASLGKGFSFREPDGSNNNIHLPSLGAANTPYARSTKPLVFQNPNPPDPATIFDTLMVRDPAKFRPHPNKISSMLFYLATIITHDIFQTSPRDFNINLTSSYLDLSPLYGRNHDEQMAVRTGKDGLLKPDTFSSKRVIGFPPGVGAFLIMFNRFHNYVVTQLAKINEGGRFKRPTTPDDTAGWETYDNSLFQTGRLITCGLYINIVLGDYVRTILNLNRANTTWNLDPRTKEGKSLLSKPTPEAVGNQVSVEFNLIYRWHCTISERDDKWTTNAMREALGGQDPATAKMEDVMRALGMFEKNIPDEPEKRTLAGLTRQSDGAFDDTELVKILQESIEDVAGAFGPNHVPACMRAIEILGIKQSRTWNVATLNEFRQFIGLTPHDSFYHMNPDPKICKILAQMYDSPDAVELYPGIMAEAAKPPFSPGSGLCPPYTTSRAILSDAVSLVRGDRFYTVDYTPRNITNWGFNEASTDKAVDWGHVIYKLFFRAFPNHFLPNSVYAHFPFVVPSENKLIFEGLGAANKYSWDPPKARAPIQFIRSHKAVLEVLSNQKDYKVTWGPAIKMLSGDPATSFALAGDEPANAASRHHVIAALTAPKQWRDEVRRFYEVTTRDLLRRHGAPVHGVGAGPRTHEVDVIRDVIGLAHARFMASLFSLPLKEEGKEEGAYGEHELYRSLVTIFAAIFWDSDVCNSLKLHQASKAAADKMSALIAEHVREMEAGTGFLGALGKLKDLITGNDVHANGNGVYTNGNGVYTNGNGVHTNGNGVHTNGNGVPHAAPSLRSFGDQLLQRMLSQDGRSIEETVSGTILPVVMAGTANQTQLLAQCLDYYLGVGEKHLPEMKRLAMLNTSEADEKLLKYTMEGCRIRGCVALYRAVVTDQAVDDTIPCIPNKDDPTFARPLSNPQVAESARTLKLSTGTRMLVDLTTASHDPAAFPDPDEVRLDRPLESYVHFGLGPHRCAGEPISQIALSSVMKVLLQLDGLRRAAGPRGEIRSYPASQWPGQAGRPPRDPAWSGLRTFTSADQSAFSPLATTMKINWEGRGDL,brenda,Un-annotated,0.0,1.0
1.4.3.4,serotonin,P21397,WT,None,0.426,11.0,284.15,0.0035192679922576,C1=CC2=C(C=C1O)C(=CN2)CCN,MENQEKASIAGHMFDVVVIGGGISGLSAAKLLTEYGVSVLVLEARDRVGGRTYTIRNEHVDYVDVGGAYVGPTQNRILRLSKELGIETYKVNVSERLVQYVKGKTYPFRGAFPPVWNPIAYLDYNNLWRTIDNMGKEIPTDAPWEAQHADKWDKMTMKELIDKICWTKTARRFAYLFVNINVTSEPHEVSALWFLWYVKQCGGTTRIFSVTNGGQERKFVGGSGQVSERIMDLLGDQVKLNHPVTHVDQSSDNIIIETLNHEHYECKYVINAIPPTLTAKIHFRPELPAERNQLIQRLPMGAVIKCMMYYKEAFWKKKDYCGCMIIEDEDAPISITLDDTKPDGSLPAIMGFILARKADRLAKLHKEIRKKKICELYAKVLGSQEALHPVHYEEKNWCEEQYSGGCYTAYFPPGIMTQYGRVIRQPVGRIFFAGTETATKWSGYMEGAVEAGERAAREVLNGLGKVTEKDIWVQEPESKDVPAVEITHTFWERNLPSVSGLLKIIGFSTSVTALGFVLYKYKLLPRS,brenda,Secondary,0.11,0.8555463663558105
1.4.3.4,dopamine,P21397,WT,None,0.249,11.0,284.15,0.0035192679922576,C1=CC(=C(C=C1CCN)O)O,MENQEKASIAGHMFDVVVIGGGISGLSAAKLLTEYGVSVLVLEARDRVGGRTYTIRNEHVDYVDVGGAYVGPTQNRILRLSKELGIETYKVNVSERLVQYVKGKTYPFRGAFPPVWNPIAYLDYNNLWRTIDNMGKEIPTDAPWEAQHADKWDKMTMKELIDKICWTKTARRFAYLFVNINVTSEPHEVSALWFLWYVKQCGGTTRIFSVTNGGQERKFVGGSGQVSERIMDLLGDQVKLNHPVTHVDQSSDNIIIETLNHEHYECKYVINAIPPTLTAKIHFRPELPAERNQLIQRLPMGAVIKCMMYYKEAFWKKKDYCGCMIIEDEDAPISITLDDTKPDGSLPAIMGFILARKADRLAKLHKEIRKKKICELYAKVLGSQEALHPVHYEEKNWCEEQYSGGCYTAYFPPGIMTQYGRVIRQPVGRIFFAGTETATKWSGYMEGAVEAGERAAREVLNGLGKVTEKDIWVQEPESKDVPAVEITHTFWERNLPSVSGLLKIIGFSTSVTALGFVLYKYKLLPRS,brenda,Secondary,0.11,0.8555463663558105
1.4.3.4,phenethylamine,P21397,WT,None,1.481,11.0,284.15,0.0035192679922576,C1=CC=C(C=C1)CCN,MENQEKASIAGHMFDVVVIGGGISGLSAAKLLTEYGVSVLVLEARDRVGGRTYTIRNEHVDYVDVGGAYVGPTQNRILRLSKELGIETYKVNVSERLVQYVKGKTYPFRGAFPPVWNPIAYLDYNNLWRTIDNMGKEIPTDAPWEAQHADKWDKMTMKELIDKICWTKTARRFAYLFVNINVTSEPHEVSALWFLWYVKQCGGTTRIFSVTNGGQERKFVGGSGQVSERIMDLLGDQVKLNHPVTHVDQSSDNIIIETLNHEHYECKYVINAIPPTLTAKIHFRPELPAERNQLIQRLPMGAVIKCMMYYKEAFWKKKDYCGCMIIEDEDAPISITLDDTKPDGSLPAIMGFILARKADRLAKLHKEIRKKKICELYAKVLGSQEALHPVHYEEKNWCEEQYSGGCYTAYFPPGIMTQYGRVIRQPVGRIFFAGTETATKWSGYMEGAVEAGERAAREVLNGLGKVTEKDIWVQEPESKDVPAVEITHTFWERNLPSVSGLLKIIGFSTSVTALGFVLYKYKLLPRS,brenda,Secondary,0.11,0.8555463663558105
2.5.1.15,4-Aminobenzoate,Q81VW8,WT,None,0.109,5.0,278.15,0.0035951824555096,C1=CC(=CC=C1C(=O)[O-])N,MCSLKWDYDLRCGEYTLNLNEKTLIMGILNVTPDSFSDGGSYNEVDAAVRHAKEMRDEGAHIIDIGGESTRPGFAKVSVEEEIKRVVPMIQAVSKEVKLPISIDTYKAEVAKQAIEAGAHIINDIWGAKAEPKIAEVAAHYDVPIILMHNRDNMNYRNLMADMIADLYDSIKIAKDAGVRDENIILDPGIGFAKTPEQNLEAMRNLEQLNVLGYPVLLGTSRKSFIGHVLDLPVEERLEGTGATVCLGIEKGCEFVRVHDVKEMSRMAKMMDAMIGKGVK,brenda,Secondary,0.05,0.9329228833363351
1.1.1.236,NADPH,P50163,WT,None,71.4,15.0,288.15,0.0034704147145583,C1C=CN(C=C1C(=O)N)C2C(C(C(O2)COP(=O)(O)OP(=O)(O)OCC3C(C(C(O3)N4C=NC5=C(N=CN=C54)N)OP(=O)(O)O)O)O)O,MAGRWNLEGCTALVTGGSRGIGYGIVEELASLGASVYTCSRNQKELNDCLTQWRSKGFKVEASVCDLSSRSERQELMNTVANHFHGKLNILVNNAGIVIYKEAKDYTVEDYSLIMSINFEAAYHLSVLAHPFLKASERGNVVFISSVSGALAVPYEAVYGATKGAMDQLTRCLAFEWAKDNIRVNGVGPGVIATSLVEMTIQDPEQKENLNKLIDRCALRRMGEPKELAAMVAFLCFPAASYVTGQIIYVDGGLMANCGF,brenda,Un-annotated,0.15,0.8057522123893122
1.1.1.236,tropinone,P50163,WT,None,71.4,15.0,288.15,0.0034704147145583,CN1C2CCC1CC(=O)C2,MAGRWNLEGCTALVTGGSRGIGYGIVEELASLGASVYTCSRNQKELNDCLTQWRSKGFKVEASVCDLSSRSERQELMNTVANHFHGKLNILVNNAGIVIYKEAKDYTVEDYSLIMSINFEAAYHLSVLAHPFLKASERGNVVFISSVSGALAVPYEAVYGATKGAMDQLTRCLAFEWAKDNIRVNGVGPGVIATSLVEMTIQDPEQKENLNKLIDRCALRRMGEPKELAAMVAFLCFPAASYVTGQIIYVDGGLMANCGF,brenda,Un-annotated,0.15,0.8057522123893122
2.7.3.3,L-arginine,C0STY2,WT,None,183.0,0.5,273.65,0.0036543029417138,C(CC(C(=O)O)N)CN=C(N)N,MGEPFPDIKSKHSLVAKHVTKERWDKLAAHKTATSGFTLKQAIACAVEFDNQHCGIYAGDWDSYKDFKDVFDPIIQEYHGISPDAVHTSDMEVEKIKGNINTEVPVHSVRIRVGRSIDGFGLSPGITKEQRVGVENLMKSAFAKLSGDLSGNYYPLTGMDEKVRQQLVDDHFLFMSGDRNLQVAGMERDWPEGRGIFHNAEKTFLVWVNEEDQLRIISMQKGGDVRGVFERLARGIKAVGDSVKAESGKDFMLDSKYGYVHSCPTNLGTGMRASVHVDLPGWTKEGLEALKKRCEELKVQPRGTRGESGGQTGHTYDISNKHRLGYSEVELVQCMIDGVNTLYAEDVALQKKHGI,brenda,Un-annotated,0.005,0.9931819842864517
2.7.3.3,L-arginine,C0STY2,WT,None,170.0,15.0,288.15,0.0034704147145583,C(CC(C(=O)O)N)CN=C(N)N,MGEPFPDIKSKHSLVAKHVTKERWDKLAAHKTATSGFTLKQAIACAVEFDNQHCGIYAGDWDSYKDFKDVFDPIIQEYHGISPDAVHTSDMEVEKIKGNINTEVPVHSVRIRVGRSIDGFGLSPGITKEQRVGVENLMKSAFAKLSGDLSGNYYPLTGMDEKVRQQLVDDHFLFMSGDRNLQVAGMERDWPEGRGIFHNAEKTFLVWVNEEDQLRIISMQKGGDVRGVFERLARGIKAVGDSVKAESGKDFMLDSKYGYVHSCPTNLGTGMRASVHVDLPGWTKEGLEALKKRCEELKVQPRGTRGESGGQTGHTYDISNKHRLGYSEVELVQCMIDGVNTLYAEDVALQKKHGI,brenda,Un-annotated,0.15,0.8057522123893122
2.7.3.3,L-arginine,C0STY3,WT,None,108.0,15.0,288.15,0.0034704147145583,C(CC(C(=O)O)N)CN=C(N)N,MVDAEVLEKLEAGFKKLEAATDCKSLLKKYLTKEVFDDLKTKKTTLGATLLDVIQSGVENLDSGVGIYAPDAEAYTLFAPLFDPIIEDYHVGFKKEDKHPAKDFGDLDKFVNVDPEGEFVVSTRVRCGRSMEGYPFNPCLTEAQYKEMEEKVSSTLSALEGELKGTYYPLTGMSKEVQQKLIDDHFLFKEGDRFLQAANACRYWPTGRGIYHNDKKTFLVWANEEDHLRIISMQKGGDLGEIYRRLVNAVGEIEKRVPFSHHDRLGFLTFCPTNLGTTIRASVHIKLPKLAANKTKLEEVAAKYNLQVRGTRGEHTEAEGGIYDISNKRRMGLTEYQAVKEMQDGILELIKIEKGM,brenda,Un-annotated,0.15,0.8057522123893122
2.7.3.3,L-arginine,C0STY3,WT,None,196.0,0.5,273.65,0.0036543029417138,C(CC(C(=O)O)N)CN=C(N)N,MVDAEVLEKLEAGFKKLEAATDCKSLLKKYLTKEVFDDLKTKKTTLGATLLDVIQSGVENLDSGVGIYAPDAEAYTLFAPLFDPIIEDYHVGFKKEDKHPAKDFGDLDKFVNVDPEGEFVVSTRVRCGRSMEGYPFNPCLTEAQYKEMEEKVSSTLSALEGELKGTYYPLTGMSKEVQQKLIDDHFLFKEGDRFLQAANACRYWPTGRGIYHNDKKTFLVWANEEDHLRIISMQKGGDLGEIYRRLVNAVGEIEKRVPFSHHDRLGFLTFCPTNLGTTIRASVHIKLPKLAANKTKLEEVAAKYNLQVRGTRGEHTEAEGGIYDISNKRRMGLTEYQAVKEMQDGILELIKIEKGM,brenda,Un-annotated,0.005,0.9931819842864517
3.4.11.15,Lys-Gly-Gly,Q8TZW4,WT,None,1460.0,0.0,273.15,0.0036609921288669,C(CCN)CC(C(=O)NCC(=O)NCC(=O)O)N,MVDWELMKKIIESPGVSGYEHLGIRDLVVDILKDVADEVKIDKLGNVIAHFKGSAPKVMVAAHMDKIGLMVNHIDKDGYLRVVPIGGVLPETLIAQKIRFFTEKGERYGVVGVLPPHLRREAKDQGGKIDWDSIIVDVGASSREEAEEMGFRIGTIGEFAPNFTRLSEHRFATPYLDDRICLYAMIEAARQLGEHEADIYIVASVQEEIGLRGARVASFAIDPEVGIAMDVTFAKQPNDKGKIVPELGKGPVMDVGPNINPKLRQFADEVAKKYEIPLQVEPSPRPTGTDANVMQINREGVATAVLSIPIRYMHSQVELADARDVDNTIKLAKALLEELKPMDFTP,brenda,Un-annotated,0.0,1.0
4.2.1.46,dTDP-glucose,P27830,WT,None,1.9,18.0,291.15,0.0034346556757685,CC1=CN(C(=O)NC1=O)C2CC(C(O2)COP(=O)(O)OP(=O)(O)OC3C(C(C(C(O3)CO)O)O)O)O,MRKILITGGAGFIGSALVRYIINETSDAVVVVDKLTYAGNLMSLAPVAQSERFAFEKVDICDRAELARVFTEHQPDCVMHLAAESHVDRSIDGPAAFIETNIVGTYTLLEAARAYWNALTEDKKSAFRFHHISTDEVYGDLHSTDDFFTETTPYAPSSPYSASKASSDHLVRAWLRTYGLPTLITNCSNNYGPYHFPEKLIPLMILNALAGKSLPVYGNGQQIRDWLYVEDHARALYCVATTGKVGETYNIGGHNERKNLDVVETICELLEELAPNKPHGVAHYRDLITFVADRPGHDLRYAIDASKIARELGWLPQETFESGMRKTVQWYLANESWWKQVQDGSYQGERLGLKG,brenda,Secondary,0.18,0.7693044822256759
1.1.1.42,isocitrate,Q6AQ66,WT,None,4.5,5.0,278.15,0.0035951824555096,C(C(C(C(=O)O)O)C(=O)O)C(=O)O,MKIQMKTPLVELDGDEMTRVLWPLIKDKLLLPFIDLQTEYYDLGIEERDRTNDQITIDAAEAIKKYGVGVKNATITPNQDRVEEYGLKEQWKSPNATVRAMLDGTVFRKPIMVKNIKPSVRSWQKPIVVGRHAYGDFYKNAEIFAEAGGKLEIVVTDKNGKETRQTIMEVDEPAIVQGIHNTVASIGHFARACFEYSLDQKIDCWFATKDTISKQYDQRFKIIFEEIFAQEYKEKFAAAGIEYFYTLIDDVVARMMKTEGGMLWACKNYDGDVMSDMVASAFGSLAMMSSVLVSPYGYFEYEAAHGTVQRHYYQHLKGERTSTNPVALIYAWTGALRKRGELDGTPDLCAFCDSLEAITIECIESGYMTGDLARICEPAAIKVLDSIEFIDELGKRLQQLNK,brenda,Primary,0.05,0.9329228833363351
1.1.1.42,NADP+,Q6AQ66,WT,None,4.5,5.0,278.15,0.0035951824555096,C1=CC(=C[N+](=C1)C2C(C(C(O2)COP(=O)(O)OP(=O)(O)OCC3C(C(C(O3)N4C=NC5=C(N=CN=C54)N)OP(=O)(O)O)O)O)O)C(=O)N,MKIQMKTPLVELDGDEMTRVLWPLIKDKLLLPFIDLQTEYYDLGIEERDRTNDQITIDAAEAIKKYGVGVKNATITPNQDRVEEYGLKEQWKSPNATVRAMLDGTVFRKPIMVKNIKPSVRSWQKPIVVGRHAYGDFYKNAEIFAEAGGKLEIVVTDKNGKETRQTIMEVDEPAIVQGIHNTVASIGHFARACFEYSLDQKIDCWFATKDTISKQYDQRFKIIFEEIFAQEYKEKFAAAGIEYFYTLIDDVVARMMKTEGGMLWACKNYDGDVMSDMVASAFGSLAMMSSVLVSPYGYFEYEAAHGTVQRHYYQHLKGERTSTNPVALIYAWTGALRKRGELDGTPDLCAFCDSLEAITIECIESGYMTGDLARICEPAAIKVLDSIEFIDELGKRLQQLNK,brenda,Primary,0.05,0.9329228833363351
2.3.1.37,succinyl-CoA,P08680,WT,None,0.16,18.0,291.15,0.0034346556757685,CC(C)(COP(=O)(O)OP(=O)(O)OCC1C(C(C(O1)N2C=NC3=C(N=CN=C32)N)O)OP(=O)(O)O)C(C(=O)NCCC(=O)NCCSC(=O)CCC(=O)O)O,MVAAAMLLRSCPVLSQGPTGLLGKVAKTYQFLFSIGRCPILATQGPTCSQIHLKATKAGGDSPSWAKSHCPFMLSELQDRKSKIVQRAAPEVQEDVKTFKTDLLSTMDSTTRSHSFPSFQEPEQTEGAVPHLIQNNMTGSQAFGYDQFFRDKIMEKKQDHTYRVFKTVNRWANAYPFAQHFSEASMASKDVSVWCSNDYLGISRHPRVLQAIEETLKNHGAGAGGTRNISGTSKFHVELEQELAELHQKDSALLFSSCFVANDSTLFTLAKLLPGCEIYSDAGNHASMIQGIRNSGAAKFVFRHNDPGHLKKLLEKSDPKTPKIVAFETVHSMDGAICPLEELCDVAHQYGALTFVDEVHAVGLYGARGAGIGERDGIMHKLDIISGTLGKAFGCVGGYIASTRDLVDMVRSYAAGFIFTTSLPPMVLSGALESVRLLKGEEGQALRRAHQRNVKHMRQLLMDRGFPVIPCPSHIIPIRVGNAALNSKICDLLLSKHSIYVQAINYPTVPRGEELLRLAPSPHHSPQMMENFVEKLLLAWTEVGLPLQDVSVAACNFCHRPVHFELMSEWERSYFGNMGPQYVTTYA,brenda,Secondary,0.18,0.7693044822256759
1.1.3.2,(S)-lactate,Q44467,WT,None,31.0,4.0,277.15,0.0036081544290095,CC(C(=O)O)O,MNNNDIEYNAPSEIKYIDVVNTYDLEEEASKVVPHGGFNYIAGASGDEWTKRANDRAWKHKLLYPRLAQDVEAPDTSTEILGHKIKAPFIMAPIAAHGLAHTTKEAGTARAVSEFGTIMSISAYSGATFEEISEGLNGGPRWFQIYMAKDDQQNRDILDEAKSDGATAIILTADSTVSGNRDRDVKNKFVYPFGMPIVQRYLRGTAEGMSLNNIYGASKQKISPRDIEEIAGHSGLPVFVKGIQHPEDADMAIKRGASGIWVSNHGARQLYEAPGSFDTLPAIAERVNKRVPIVFDSGVRRGEHVAKALASGADVVALGRPVLFGLALGGWQGAYSVLDYFQKDLTRVMQLTGSQNVEDLKGLDLFDNPYGYEY,brenda,Un-annotated,0.04,0.9461446869925638
2.1.1.293,S-adenosyl-L-methionine,B9WZX2,WT,None,5.0,15.0,288.15,0.0034704147145583,C[S+](CCC(C(=O)[O-])N)CC1C(C(C(O1)N2C=NC3=C(N=CN=C32)N)O)O,MTQAVDIGTIQTLIRLEVPDQVPLTGSIPYDALVKKLKTPVDPELLQRLIRFTRLVGFLDEDAEGAVKHSPMSAIFVNDPDTAGQARFMADFGIRPCSFIYESIKLDPSGEAARQGPLALMAREPGAREGPTFFEVLEKDPVNRKRWHDGMAVHNDSMVRHVAGAYDWGTVQSLVDIGGSEGHVAAVIVNAFPHIQITVQDRPEIIEKARQRGDRHPNIIFEEHDFFTPQPRIADAYFLRLILHDWNDADCTRIVRQISSALRPGARLLIMDAVLPEPGEGSLQSERRLRRSDIGMYTLFSAKERSLAQMRRLVEDCDSRLRFEKLYTPPGSHASMLSWICE,brenda,Secondary,0.15,0.8057522123893122
2.1.1.293,S-adenosyl-L-methionine,B9WZX2,MUT,R202L,6.9,15.0,288.15,0.0034704147145583,C[S+](CCC(C(=O)[O-])N)CC1C(C(C(O1)N2C=NC3=C(N=CN=C32)N)O)O,MTQAVDIGTIQTLIRLEVPDQVPLTGSIPYDALVKKLKTPVDPELLQRLIRFTRLVGFLDEDAEGAVKHSPMSAIFVNDPDTAGQARFMADFGIRPCSFIYESIKLDPSGEAARQGPLALMAREPGAREGPTFFEVLEKDPVNRKRWHDGMAVHNDSMVRHVAGAYDWGTVQSLVDIGGSEGHVAAVIVNAFPHIQITVQDLPEIIEKARQRGDRHPNIIFEEHDFFTPQPRIADAYFLRLILHDWNDADCTRIVRQISSALRPGARLLIMDAVLPEPGEGSLQSERRLRRSDIGMYTLFSAKERSLAQMRRLVEDCDSRLRFEKLYTPPGSHASMLSWICE,brenda,Secondary,0.15,0.8057522123893122
2.1.1.293,6-hydroxytryprostatin B,B9WZX2,WT,None,27.0,15.0,288.15,0.0034704147145583,CC(=CCC1=C(C2=C(N1)C=C(C=C2)O)CC3C(=O)N4CCCC4C(=O)N3)C,MTQAVDIGTIQTLIRLEVPDQVPLTGSIPYDALVKKLKTPVDPELLQRLIRFTRLVGFLDEDAEGAVKHSPMSAIFVNDPDTAGQARFMADFGIRPCSFIYESIKLDPSGEAARQGPLALMAREPGAREGPTFFEVLEKDPVNRKRWHDGMAVHNDSMVRHVAGAYDWGTVQSLVDIGGSEGHVAAVIVNAFPHIQITVQDRPEIIEKARQRGDRHPNIIFEEHDFFTPQPRIADAYFLRLILHDWNDADCTRIVRQISSALRPGARLLIMDAVLPEPGEGSLQSERRLRRSDIGMYTLFSAKERSLAQMRRLVEDCDSRLRFEKLYTPPGSHASMLSWICE,brenda,Secondary,0.15,0.8057522123893122
2.1.1.293,6-hydroxytryprostatin B,B9WZX2,MUT,R202L,8.2,15.0,288.15,0.0034704147145583,CC(=CCC1=C(C2=C(N1)C=C(C=C2)O)CC3C(=O)N4CCCC4C(=O)N3)C,MTQAVDIGTIQTLIRLEVPDQVPLTGSIPYDALVKKLKTPVDPELLQRLIRFTRLVGFLDEDAEGAVKHSPMSAIFVNDPDTAGQARFMADFGIRPCSFIYESIKLDPSGEAARQGPLALMAREPGAREGPTFFEVLEKDPVNRKRWHDGMAVHNDSMVRHVAGAYDWGTVQSLVDIGGSEGHVAAVIVNAFPHIQITVQDLPEIIEKARQRGDRHPNIIFEEHDFFTPQPRIADAYFLRLILHDWNDADCTRIVRQISSALRPGARLLIMDAVLPEPGEGSLQSERRLRRSDIGMYTLFSAKERSLAQMRRLVEDCDSRLRFEKLYTPPGSHASMLSWICE,brenda,Secondary,0.15,0.8057522123893122
4.2.1.108,(2S)-4-acetamido-2-aminobutanoate,Q1GNW6,WT,None,7.2,15.0,288.15,0.0034704147145583,CC(=O)NCCC(C(=O)O)N,MIVRNLGDIRKTDRNVRSDGWASARMLLKDDGMGFSFHVTTLFAGSELRMHYQNHLEAVLVLKGTGTIEDLATGEVHALRPGVMYALDDHDRHIVRPETDILTACVFNPPVTGREVHDESGAYPADPELAREPVAAD,brenda,Primary,0.15,0.8057522123893122
1.13.11.2,3-methylcatechol,V5W6K5,WT,None,0.58,5.0,278.15,0.0035951824555096,CC1=C(C(=CC=C1)O)O,MVNKLLSQLASVEILTPKIDDTLWFFKDILGLHEVGRKDRSVYLRGWEDWYAYSLKVTESDTAGVKEIVWRTYSEKDLIDSINIVNSNGLGLGWDEGEPDMGVGKGYKFILPSGQIGKLVWEMKIWRASGELRSGYKARPMKKPTKGVQAKDLSHIFIFAYNDESLAKTVELLKRLTFKVNEILKEGDKRIAYWMAVNGTAHDLAVSLDPSGVPARLNHVTFNVDYADDILKAADFYTDYGLEIVGGPLRHGITDSHSLYVKEPGGNVIELLHGGYLNVVPDWEPIVWDTKEDENRWLYYWGHVKEAFWHGSPIPANRVSDELKEIVRQKLGAKI,brenda,Secondary,0.05,0.9329228833363351
4.2.1.1,CO2,Q8KJM6,WT,None,813600.0,4.0,277.15,0.0036081544290095,C(=O)=O,MHRRNLIRGFIALGVCPICAQTARAASAHWGYGGSVGPEHWADLDTRNFACSAGRQQSPIDIAGTVKADIPRIDISWLKGGGRMVNNGHTIQINMPEGSTLTRGDRVYQLAQLHFHAPSEHHVAGMSFPMEAHFVHKDTKSDTLGVLSALLTPGATNKSFAGLAKVFPARPGEEMAVDEFDPNGLLPASLGYWTYEGSLTTPPCTENVEWMVAMEPVEVDTADIKRFTTLYASNARSIRPSNRRFILGLS,brenda,Un-annotated,0.04,0.9461446869925638
4.2.1.1,H2CO3,Q8KJM6,WT,None,121500.0,4.0,277.15,0.0036081544290095,C(=O)(O)O,MHRRNLIRGFIALGVCPICAQTARAASAHWGYGGSVGPEHWADLDTRNFACSAGRQQSPIDIAGTVKADIPRIDISWLKGGGRMVNNGHTIQINMPEGSTLTRGDRVYQLAQLHFHAPSEHHVAGMSFPMEAHFVHKDTKSDTLGVLSALLTPGATNKSFAGLAKVFPARPGEEMAVDEFDPNGLLPASLGYWTYEGSLTTPPCTENVEWMVAMEPVEVDTADIKRFTTLYASNARSIRPSNRRFILGLS,brenda,Un-annotated,0.04,0.9461446869925638
2.7.2.1,ADP,P0A6A3,WT,None,892.0,10.0,283.15,0.003531696980399,C1=NC(=C2C(=N1)N(C=N2)C3C(C(C(O3)COP(=O)(O)OP(=O)(O)O)O)O)N,MSSKLVLVLNCGSSSLKFAIIDAVNGEEYLSGLAECFHLPEARIKWKMDGNKQEAALGAGAAHSEALNFIVNTILAQKPELSAQLTAIGHRIVHGGEKYTSSVVIDESVIQGIKDAASFAPLHNPAHLIGIEEALKSFPQLKDKNVAVFDTAFHQTMPEESYLYALPYNLYKEHGIRRYGAHGTSHFYVTQEAAKMLNKPVEELNIITCHLGNGGSVSAIRNGKCVDTSMGLTPLEGLVMGTRSGDIDPAIIFHLHDTLGMSVDAINKLLTKESGLLGLTEVTSDCRYVEDNYATKEDAKRAMDVYCHRLAKYIGAYTALMDGRLDAVVFTGGIGENAAMVRELSLGKLGVLGFEVDHERNLAARFGKSGFINKEGTRPAVVIPTNEELVIAQDASRLTA,brenda,Secondary,0.1,0.8682147271763481
2.7.2.1,ADP,P0A6A3,WT,None,1565.0,15.0,288.15,0.0034704147145583,C1=NC(=C2C(=N1)N(C=N2)C3C(C(C(O3)COP(=O)(O)OP(=O)(O)O)O)O)N,MSSKLVLVLNCGSSSLKFAIIDAVNGEEYLSGLAECFHLPEARIKWKMDGNKQEAALGAGAAHSEALNFIVNTILAQKPELSAQLTAIGHRIVHGGEKYTSSVVIDESVIQGIKDAASFAPLHNPAHLIGIEEALKSFPQLKDKNVAVFDTAFHQTMPEESYLYALPYNLYKEHGIRRYGAHGTSHFYVTQEAAKMLNKPVEELNIITCHLGNGGSVSAIRNGKCVDTSMGLTPLEGLVMGTRSGDIDPAIIFHLHDTLGMSVDAINKLLTKESGLLGLTEVTSDCRYVEDNYATKEDAKRAMDVYCHRLAKYIGAYTALMDGRLDAVVFTGGIGENAAMVRELSLGKLGVLGFEVDHERNLAARFGKSGFINKEGTRPAVVIPTNEELVIAQDASRLTA,brenda,Secondary,0.15,0.8057522123893122
2.7.2.1,ADP,E3W769,WT,None,1350.0,15.0,288.15,0.0034704147145583,C1=NC(=C2C(=N1)N(C=N2)C3C(C(C(O3)COP(=O)(O)OP(=O)(O)O)O)O)N,MSDKLVLVLNCGSSSLKFAIIDAQSGDDKISGLAECFGLEDSRIKWKFNGGKNEAKLGAFTAHREAVEFFIVNNILAEHPELAAQIKAIGHRIVHGGEKFTRSVIITPEVIQGIEDCASLAPLHNPAHLIGIRAAIASFPQLPQVTVFDTAFHQTMPEKAYIYALPYKLYREHSIRRYGMHGTSHFYVCREAAKVLGKDVKDINVICAHLGNGASVAAIKGGKSVDTSMGLTPLEGLVMGTRCGDLDPSIIFHLVKQLGYTLDEVNNLLNKQSGLLGISELTNDCRGIEEGYHDGHKGATLALDIFCYRLAKYIASYTVPLGRLDAIIFTGGIGENSNLIREKVLNLLEIFNFKVDDILNKAARFGQQGVITQAGTPIAMVIPTNEEWVIAEDAIKLITAK,brenda,Secondary,0.15,0.8057522123893122
2.7.2.1,ADP,E3W769,WT,None,884.0,10.0,283.15,0.003531696980399,C1=NC(=C2C(=N1)N(C=N2)C3C(C(C(O3)COP(=O)(O)OP(=O)(O)O)O)O)N,MSDKLVLVLNCGSSSLKFAIIDAQSGDDKISGLAECFGLEDSRIKWKFNGGKNEAKLGAFTAHREAVEFFIVNNILAEHPELAAQIKAIGHRIVHGGEKFTRSVIITPEVIQGIEDCASLAPLHNPAHLIGIRAAIASFPQLPQVTVFDTAFHQTMPEKAYIYALPYKLYREHSIRRYGMHGTSHFYVCREAAKVLGKDVKDINVICAHLGNGASVAAIKGGKSVDTSMGLTPLEGLVMGTRCGDLDPSIIFHLVKQLGYTLDEVNNLLNKQSGLLGISELTNDCRGIEEGYHDGHKGATLALDIFCYRLAKYIASYTVPLGRLDAIIFTGGIGENSNLIREKVLNLLEIFNFKVDDILNKAARFGQQGVITQAGTPIAMVIPTNEEWVIAEDAIKLITAK,brenda,Secondary,0.1,0.8682147271763481
2.7.2.1,ATP,P0A6A3,WT,None,565.0,10.0,283.15,0.003531696980399,C1=NC(=C2C(=N1)N(C=N2)C3C(C(C(O3)COP(=O)(O)OP(=O)(O)OP(=O)(O)O)O)O)N,MSSKLVLVLNCGSSSLKFAIIDAVNGEEYLSGLAECFHLPEARIKWKMDGNKQEAALGAGAAHSEALNFIVNTILAQKPELSAQLTAIGHRIVHGGEKYTSSVVIDESVIQGIKDAASFAPLHNPAHLIGIEEALKSFPQLKDKNVAVFDTAFHQTMPEESYLYALPYNLYKEHGIRRYGAHGTSHFYVTQEAAKMLNKPVEELNIITCHLGNGGSVSAIRNGKCVDTSMGLTPLEGLVMGTRSGDIDPAIIFHLHDTLGMSVDAINKLLTKESGLLGLTEVTSDCRYVEDNYATKEDAKRAMDVYCHRLAKYIGAYTALMDGRLDAVVFTGGIGENAAMVRELSLGKLGVLGFEVDHERNLAARFGKSGFINKEGTRPAVVIPTNEELVIAQDASRLTA,brenda,Secondary,0.1,0.8682147271763481
2.7.2.1,ATP,P0A6A3,WT,None,745.0,15.0,288.15,0.0034704147145583,C1=NC(=C2C(=N1)N(C=N2)C3C(C(C(O3)COP(=O)(O)OP(=O)(O)OP(=O)(O)O)O)O)N,MSSKLVLVLNCGSSSLKFAIIDAVNGEEYLSGLAECFHLPEARIKWKMDGNKQEAALGAGAAHSEALNFIVNTILAQKPELSAQLTAIGHRIVHGGEKYTSSVVIDESVIQGIKDAASFAPLHNPAHLIGIEEALKSFPQLKDKNVAVFDTAFHQTMPEESYLYALPYNLYKEHGIRRYGAHGTSHFYVTQEAAKMLNKPVEELNIITCHLGNGGSVSAIRNGKCVDTSMGLTPLEGLVMGTRSGDIDPAIIFHLHDTLGMSVDAINKLLTKESGLLGLTEVTSDCRYVEDNYATKEDAKRAMDVYCHRLAKYIGAYTALMDGRLDAVVFTGGIGENAAMVRELSLGKLGVLGFEVDHERNLAARFGKSGFINKEGTRPAVVIPTNEELVIAQDASRLTA,brenda,Secondary,0.15,0.8057522123893122
2.7.2.1,ATP,E3W769,WT,None,205.0,10.0,283.15,0.003531696980399,C1=NC(=C2C(=N1)N(C=N2)C3C(C(C(O3)COP(=O)(O)OP(=O)(O)OP(=O)(O)O)O)O)N,MSDKLVLVLNCGSSSLKFAIIDAQSGDDKISGLAECFGLEDSRIKWKFNGGKNEAKLGAFTAHREAVEFFIVNNILAEHPELAAQIKAIGHRIVHGGEKFTRSVIITPEVIQGIEDCASLAPLHNPAHLIGIRAAIASFPQLPQVTVFDTAFHQTMPEKAYIYALPYKLYREHSIRRYGMHGTSHFYVCREAAKVLGKDVKDINVICAHLGNGASVAAIKGGKSVDTSMGLTPLEGLVMGTRCGDLDPSIIFHLVKQLGYTLDEVNNLLNKQSGLLGISELTNDCRGIEEGYHDGHKGATLALDIFCYRLAKYIASYTVPLGRLDAIIFTGGIGENSNLIREKVLNLLEIFNFKVDDILNKAARFGQQGVITQAGTPIAMVIPTNEEWVIAEDAIKLITAK,brenda,Secondary,0.1,0.8682147271763481
2.7.2.1,ATP,E3W769,WT,None,235.0,15.0,288.15,0.0034704147145583,C1=NC(=C2C(=N1)N(C=N2)C3C(C(C(O3)COP(=O)(O)OP(=O)(O)OP(=O)(O)O)O)O)N,MSDKLVLVLNCGSSSLKFAIIDAQSGDDKISGLAECFGLEDSRIKWKFNGGKNEAKLGAFTAHREAVEFFIVNNILAEHPELAAQIKAIGHRIVHGGEKFTRSVIITPEVIQGIEDCASLAPLHNPAHLIGIRAAIASFPQLPQVTVFDTAFHQTMPEKAYIYALPYKLYREHSIRRYGMHGTSHFYVCREAAKVLGKDVKDINVICAHLGNGASVAAIKGGKSVDTSMGLTPLEGLVMGTRCGDLDPSIIFHLVKQLGYTLDEVNNLLNKQSGLLGISELTNDCRGIEEGYHDGHKGATLALDIFCYRLAKYIASYTVPLGRLDAIIFTGGIGENSNLIREKVLNLLEIFNFKVDDILNKAARFGQQGVITQAGTPIAMVIPTNEEWVIAEDAIKLITAK,brenda,Secondary,0.15,0.8057522123893122
2.7.2.1,acetyl phosphate,P0A6A3,WT,None,890.0,10.0,283.15,0.003531696980399,CC(=O)OP(=O)(O)O,MSSKLVLVLNCGSSSLKFAIIDAVNGEEYLSGLAECFHLPEARIKWKMDGNKQEAALGAGAAHSEALNFIVNTILAQKPELSAQLTAIGHRIVHGGEKYTSSVVIDESVIQGIKDAASFAPLHNPAHLIGIEEALKSFPQLKDKNVAVFDTAFHQTMPEESYLYALPYNLYKEHGIRRYGAHGTSHFYVTQEAAKMLNKPVEELNIITCHLGNGGSVSAIRNGKCVDTSMGLTPLEGLVMGTRSGDIDPAIIFHLHDTLGMSVDAINKLLTKESGLLGLTEVTSDCRYVEDNYATKEDAKRAMDVYCHRLAKYIGAYTALMDGRLDAVVFTGGIGENAAMVRELSLGKLGVLGFEVDHERNLAARFGKSGFINKEGTRPAVVIPTNEELVIAQDASRLTA,brenda,Secondary,0.1,0.8682147271763481
2.7.2.1,acetyl phosphate,P0A6A3,WT,None,1550.0,15.0,288.15,0.0034704147145583,CC(=O)OP(=O)(O)O,MSSKLVLVLNCGSSSLKFAIIDAVNGEEYLSGLAECFHLPEARIKWKMDGNKQEAALGAGAAHSEALNFIVNTILAQKPELSAQLTAIGHRIVHGGEKYTSSVVIDESVIQGIKDAASFAPLHNPAHLIGIEEALKSFPQLKDKNVAVFDTAFHQTMPEESYLYALPYNLYKEHGIRRYGAHGTSHFYVTQEAAKMLNKPVEELNIITCHLGNGGSVSAIRNGKCVDTSMGLTPLEGLVMGTRSGDIDPAIIFHLHDTLGMSVDAINKLLTKESGLLGLTEVTSDCRYVEDNYATKEDAKRAMDVYCHRLAKYIGAYTALMDGRLDAVVFTGGIGENAAMVRELSLGKLGVLGFEVDHERNLAARFGKSGFINKEGTRPAVVIPTNEELVIAQDASRLTA,brenda,Secondary,0.15,0.8057522123893122
2.7.2.1,acetyl phosphate,E3W769,WT,None,1340.0,15.0,288.15,0.0034704147145583,CC(=O)OP(=O)(O)O,MSDKLVLVLNCGSSSLKFAIIDAQSGDDKISGLAECFGLEDSRIKWKFNGGKNEAKLGAFTAHREAVEFFIVNNILAEHPELAAQIKAIGHRIVHGGEKFTRSVIITPEVIQGIEDCASLAPLHNPAHLIGIRAAIASFPQLPQVTVFDTAFHQTMPEKAYIYALPYKLYREHSIRRYGMHGTSHFYVCREAAKVLGKDVKDINVICAHLGNGASVAAIKGGKSVDTSMGLTPLEGLVMGTRCGDLDPSIIFHLVKQLGYTLDEVNNLLNKQSGLLGISELTNDCRGIEEGYHDGHKGATLALDIFCYRLAKYIASYTVPLGRLDAIIFTGGIGENSNLIREKVLNLLEIFNFKVDDILNKAARFGQQGVITQAGTPIAMVIPTNEEWVIAEDAIKLITAK,brenda,Secondary,0.15,0.8057522123893122
2.7.2.1,acetate,P0A6A3,WT,None,760.0,15.0,288.15,0.0034704147145583,CC(=O)[O-],MSSKLVLVLNCGSSSLKFAIIDAVNGEEYLSGLAECFHLPEARIKWKMDGNKQEAALGAGAAHSEALNFIVNTILAQKPELSAQLTAIGHRIVHGGEKYTSSVVIDESVIQGIKDAASFAPLHNPAHLIGIEEALKSFPQLKDKNVAVFDTAFHQTMPEESYLYALPYNLYKEHGIRRYGAHGTSHFYVTQEAAKMLNKPVEELNIITCHLGNGGSVSAIRNGKCVDTSMGLTPLEGLVMGTRSGDIDPAIIFHLHDTLGMSVDAINKLLTKESGLLGLTEVTSDCRYVEDNYATKEDAKRAMDVYCHRLAKYIGAYTALMDGRLDAVVFTGGIGENAAMVRELSLGKLGVLGFEVDHERNLAARFGKSGFINKEGTRPAVVIPTNEELVIAQDASRLTA,brenda,Secondary,0.15,0.8057522123893122
2.7.2.1,acetate,P0A6A3,WT,None,560.0,10.0,283.15,0.003531696980399,CC(=O)[O-],MSSKLVLVLNCGSSSLKFAIIDAVNGEEYLSGLAECFHLPEARIKWKMDGNKQEAALGAGAAHSEALNFIVNTILAQKPELSAQLTAIGHRIVHGGEKYTSSVVIDESVIQGIKDAASFAPLHNPAHLIGIEEALKSFPQLKDKNVAVFDTAFHQTMPEESYLYALPYNLYKEHGIRRYGAHGTSHFYVTQEAAKMLNKPVEELNIITCHLGNGGSVSAIRNGKCVDTSMGLTPLEGLVMGTRSGDIDPAIIFHLHDTLGMSVDAINKLLTKESGLLGLTEVTSDCRYVEDNYATKEDAKRAMDVYCHRLAKYIGAYTALMDGRLDAVVFTGGIGENAAMVRELSLGKLGVLGFEVDHERNLAARFGKSGFINKEGTRPAVVIPTNEELVIAQDASRLTA,brenda,Secondary,0.1,0.8682147271763481
2.7.2.1,acetate,E3W769,WT,None,195.0,10.0,283.15,0.003531696980399,CC(=O)[O-],MSDKLVLVLNCGSSSLKFAIIDAQSGDDKISGLAECFGLEDSRIKWKFNGGKNEAKLGAFTAHREAVEFFIVNNILAEHPELAAQIKAIGHRIVHGGEKFTRSVIITPEVIQGIEDCASLAPLHNPAHLIGIRAAIASFPQLPQVTVFDTAFHQTMPEKAYIYALPYKLYREHSIRRYGMHGTSHFYVCREAAKVLGKDVKDINVICAHLGNGASVAAIKGGKSVDTSMGLTPLEGLVMGTRCGDLDPSIIFHLVKQLGYTLDEVNNLLNKQSGLLGISELTNDCRGIEEGYHDGHKGATLALDIFCYRLAKYIASYTVPLGRLDAIIFTGGIGENSNLIREKVLNLLEIFNFKVDDILNKAARFGQQGVITQAGTPIAMVIPTNEEWVIAEDAIKLITAK,brenda,Secondary,0.1,0.8682147271763481
2.7.2.1,acetate,E3W769,WT,None,245.0,15.0,288.15,0.0034704147145583,CC(=O)[O-],MSDKLVLVLNCGSSSLKFAIIDAQSGDDKISGLAECFGLEDSRIKWKFNGGKNEAKLGAFTAHREAVEFFIVNNILAEHPELAAQIKAIGHRIVHGGEKFTRSVIITPEVIQGIEDCASLAPLHNPAHLIGIRAAIASFPQLPQVTVFDTAFHQTMPEKAYIYALPYKLYREHSIRRYGMHGTSHFYVCREAAKVLGKDVKDINVICAHLGNGASVAAIKGGKSVDTSMGLTPLEGLVMGTRCGDLDPSIIFHLVKQLGYTLDEVNNLLNKQSGLLGISELTNDCRGIEEGYHDGHKGATLALDIFCYRLAKYIASYTVPLGRLDAIIFTGGIGENSNLIREKVLNLLEIFNFKVDDILNKAARFGQQGVITQAGTPIAMVIPTNEEWVIAEDAIKLITAK,brenda,Secondary,0.15,0.8057522123893122
1.14.13.195,NADH,Q5SE95,WT,None,0.73,15.0,288.15,0.0034704147145583,C1C=CN(C=C1C(=O)N)C2C(C(C(O2)COP(=O)(O)OP(=O)(O)OCC3C(C(C(O3)N4C=NC5=C(N=CN=C54)N)O)O)O)O,MESVERKSESSYLGMRNMQPEQRLSLDPPRLRSTPQDELHDLLCVGFGPASLAIAIALHDALDPRLNKSASNIHAQPKICFLERQKQFAWHSGMLVPGSKMQISFIKDLATLRDPRSSFTFLNYLHQKGRLIHFTNLSTFLPARLEFEDYMRWCAQQFSDVVAYGEEVVEVIPGKSDPSSSVVDFFTVRSRNVETGEISARRTRKVVIAIGGTAKMPSGLPQDPRIIHSSKYCTTLPALLKDKSKPYNIAVLGSGQSAAEIFHDLQKRYPNSRTTLIMRDSAMRPSDDSPFVNEIFNPERVDKFYSQSAAERQRSLLADKATNYSVVRLELIEEIYNDMYLQRVKNPDETQWQHRILPERKITRVEHHGPQSRMRIHLKSSKPESEGAANDVKETLEVDALMVATGYNRNAHERLLSKVQHLRPTGQDQWKPHRDYRVEMDPSKVSSEAGIWLQGCNERTHGLSDSLLSVLAVRGGEMVQSIFGEQLERAAVQGHQLRAML,brenda,Un-annotated,0.15,0.8057522123893122
1.14.16.4,L-tryptophan,P70080,WT,None,32.0,15.0,288.15,0.0034704147145583,C1=CC=C2C(=C1)C(=CN2)CC(C(=O)O)N,MIEDNKENKDHAPERGRTAIIFSLKNEVGGLVKALKLFQEKHVNLVHIESRKSKRRNSEFEIFVDCDSNREQLNEIFQLLKSHVSIVSMNPTEHFNVQEDGDMENIPWYPKKISDLDKCANRVLMYGSDLDADHPGFKDNVYRKRRKYFADLAMNYKHGDPIPEIEFTEEEIKTWGTVYRELNKLYPTHACREYLKNLPLLTKYCGYREDNIPQLEDVSRFLKERTGFTIRPVAGYLSPRDFLAGLAFRVFHCTQYVRHSSDPLYTPEPDTCHELLGHVPLLAEPSFAQFSQEIGLASLGASDEAVQKLATCYFFTVEFGLCKQEGQLRVYGAGLLSSISELKHSLSGSAKVKPFDPKVTCKQECLITTFQEVYFVSESFEEAKEKMREFAKTIKRPFGVKYNPYTQSVQILKDTKSIASVVNELRHELDIVSDALSKMGKQLEV,brenda,Primary,0.15,0.8057522123893122
1.14.16.4,O2,P70080,WT,None,22.8,15.0,288.15,0.0034704147145583,O=O,MIEDNKENKDHAPERGRTAIIFSLKNEVGGLVKALKLFQEKHVNLVHIESRKSKRRNSEFEIFVDCDSNREQLNEIFQLLKSHVSIVSMNPTEHFNVQEDGDMENIPWYPKKISDLDKCANRVLMYGSDLDADHPGFKDNVYRKRRKYFADLAMNYKHGDPIPEIEFTEEEIKTWGTVYRELNKLYPTHACREYLKNLPLLTKYCGYREDNIPQLEDVSRFLKERTGFTIRPVAGYLSPRDFLAGLAFRVFHCTQYVRHSSDPLYTPEPDTCHELLGHVPLLAEPSFAQFSQEIGLASLGASDEAVQKLATCYFFTVEFGLCKQEGQLRVYGAGLLSSISELKHSLSGSAKVKPFDPKVTCKQECLITTFQEVYFVSESFEEAKEKMREFAKTIKRPFGVKYNPYTQSVQILKDTKSIASVVNELRHELDIVSDALSKMGKQLEV,brenda,Primary,0.15,0.8057522123893122
1.14.16.4,tetrahydrobiopterin,P70080,WT,None,43.0,15.0,288.15,0.0034704147145583,CC(C(C1CNC2=C(N1)C(=O)NC(=N2)N)O)O,MIEDNKENKDHAPERGRTAIIFSLKNEVGGLVKALKLFQEKHVNLVHIESRKSKRRNSEFEIFVDCDSNREQLNEIFQLLKSHVSIVSMNPTEHFNVQEDGDMENIPWYPKKISDLDKCANRVLMYGSDLDADHPGFKDNVYRKRRKYFADLAMNYKHGDPIPEIEFTEEEIKTWGTVYRELNKLYPTHACREYLKNLPLLTKYCGYREDNIPQLEDVSRFLKERTGFTIRPVAGYLSPRDFLAGLAFRVFHCTQYVRHSSDPLYTPEPDTCHELLGHVPLLAEPSFAQFSQEIGLASLGASDEAVQKLATCYFFTVEFGLCKQEGQLRVYGAGLLSSISELKHSLSGSAKVKPFDPKVTCKQECLITTFQEVYFVSESFEEAKEKMREFAKTIKRPFGVKYNPYTQSVQILKDTKSIASVVNELRHELDIVSDALSKMGKQLEV,brenda,Primary,0.15,0.8057522123893122
2.4.1.25,maltotriose,Q9LV91,WT,None,580.0,7.0,280.15,0.0035695163305372,C(C1C(C(C(C(O1)OC2C(OC(C(C2O)O)OC3C(OC(C(C3O)O)O)CO)CO)O)O)O)O,MSILLRPSSSPSLCSSLKLFRLSSPDSLIDAAVLRNRTKPSQSFRMEVVSSNSTCLSSISVGEDFPSEYEQWLPVPDPESRRRAGVLLHPTSFRGPHGIGDLGEEAFRFIDWLHSTGCSVWQVLPLVPPDEGGSPYAGQDANCGNTLLISLDELVKDGLLIKDELPQPIDADSVNYQTANKLKSPLITKAAKRLIDGNGELKSKLLDFRNDPSISCWLEDAAYFAAIDNTLNAYSWFEWPEPLKNRHLSALEAIYESQKEFIDLFIAKQFLFQRQWQKVREYARRQGVDIMGDMPIYVGYHSADVWANKKHFLLNKKGFPLLVSGVPPDLFSETGQLWGSPLYDWKAMESDQYSWWVNRIRRAQDLYDECRIDHFRGFAGFWAVPSEAKVAMVGRWKVGPGKSLFDAISKGVGKIKIIAEDLGVITKDVVELRKSIGAPGMAVLQFAFGGGADNPHLPHNHEVNQVVYSGTHDNDTIRGWWDTLDQEEKSKAMKYLSIAGEDDISWSVIQAAFSSTAQTAIIPMQDILGLGSSARMNTPATEVGNWGWRIPSSTSFDNLETESDRLRDLLSLYGRL,brenda,Secondary,0.07,0.9067624486882138
4.2.1.84,(S)-mandelonitrile,P29378,WT,None,1.2,10.0,283.15,0.003531696980399,C1=CC=C(C=C1)C(C#N)O,MTAHNPVQGTLPRSNEEIAARVKAMEAILVDKGLISTDAIDHMSSVYENEVGPQLGAKIVARAWVDPEFKQRLLTDATSACREMGVGGMQGEEMVVLENTGTVHNMVVCTLCSCYPWPVLGLPPNWYKYPAYRARAVRDPRGVLAEFGYTPDPDVEIRIWDSSAELRYWVLPQRPAGTENFTEEQLADLVTRDSLIGVSVPTTPSKA,brenda,Un-annotated,0.1,0.8682147271763481
2.7.1.25,adenosine 5'-phosphosulfate,Q43295,MUT,D136N,45.0,17.0,290.15,0.0034464931931759,C1=NC(=C2C(=N1)N(C=N2)C3C(C(C(O3)COP(=O)(O)OS(=O)(=O)O)O)O)N,MIAAGAKSLLGLSMASPKGIFDSNSMSNSRSVVVVRACVSMDGSQTLSHNKNGSIPEVKSINGHTGQKQGPLSTVGNSTNIKWHECSVEKVDRQRLLDQKGCVIWVTGLSGSGKSTLACALNQMLYQKGKLCYILNGDNVRHGLNRDLSFKAEDRAENIRRVGEVAKLFADAGIICIASLISPYRTDRDACRSLLPEGDFVEVFMDVPLSVCEARDPKGLYKLARAGKIKGFTGIDDPYEPPLNCEISLGREGGTSPIEMAEKVVGYLDNKGYLQA,brenda,Secondary,0.17,0.7813699810442662
2.7.1.25,adenosine 5'-phosphosulfate,Q43295,MUT,D136A,29.0,17.0,290.15,0.0034464931931759,C1=NC(=C2C(=N1)N(C=N2)C3C(C(C(O3)COP(=O)(O)OS(=O)(=O)O)O)O)N,MIAAGAKSLLGLSMASPKGIFDSNSMSNSRSVVVVRACVSMDGSQTLSHNKNGSIPEVKSINGHTGQKQGPLSTVGNSTNIKWHECSVEKVDRQRLLDQKGCVIWVTGLSGSGKSTLACALNQMLYQKGKLCYILAGDNVRHGLNRDLSFKAEDRAENIRRVGEVAKLFADAGIICIASLISPYRTDRDACRSLLPEGDFVEVFMDVPLSVCEARDPKGLYKLARAGKIKGFTGIDDPYEPPLNCEISLGREGGTSPIEMAEKVVGYLDNKGYLQA,brenda,Secondary,0.17,0.7813699810442662
3.5.1.111,2-Oxoglutaramate,Q93NG1,WT,None,194.0,0.0,273.15,0.0036609921288669,C(CC(=O)N)C(=O)C(=O)O,MNLMEVRELAPSRGQLDVAAVQVKFDSTELLEDRISRIQDLVSGVGKADLIVLPELWLHGGFSYDSWRKNAISLESEVFTFLSEVARDKKAWFHAGSFMVTEPSSAASDMWNTSVLFDPTGSLRATYKKIHRFGFSDGEPKLIAAGDEPRVVELQTERATAITGLSTCYDLRFPELYRHISAEGTALNVIPACWPLTRIQHWQTLGRARAIENQSFVVQCNMTGVDQEVELGGHSQIVDGNGDILAQADKEEAVLRATLNFDSLNELRSSFPVLNDRRADIWAAKGKTVIASHL,brenda,Un-annotated,0.0,1.0
3.1.3.7,"adenosine 3',5'-bisphosphate",Q7NXD4,WT,None,22.0,3.0,276.15,0.0036212203512583,C1=NC(=C2C(=N1)N(C=N2)C3C(C(C(O3)COP(=O)(O)O)OP(=O)(O)O)O)N,MANIDLHFHSRTSDGALTPTEVIDRAAARAPALLALTDHDCTGGLAEAAAAAARRGIPFLNGVEVSVSWGRHTVHIVGLGIDPAEPALAAGLKSIREGRLERARQMGASLEAAGIAGCFDGAMRWCDNPEMISRTHFARHLVDSGAVKDMRTVFRKYLTPGKPGYVSHQWASLEDAVGWIVGAGGMAVIAHPGRYDMGRTLIERLILDFQAAGGQGIEVASGSHSLDDMHKFALHADRHGLYASSGSDFHAPGEGGRDVGHTEDLPPICRPIWRELEARILRPAD,brenda,Un-annotated,0.03,0.959462248777786
3.1.3.7,"guanosine 3',5'-bisphosphate",Q7NXD4,WT,None,12.3,3.0,276.15,0.0036212203512583,C1=NC2=C(N1C3C(C(C(O3)COP(=O)([O-])[O-])OP(=O)([O-])[O-])O)N=C(NC2=O)N,MANIDLHFHSRTSDGALTPTEVIDRAAARAPALLALTDHDCTGGLAEAAAAAARRGIPFLNGVEVSVSWGRHTVHIVGLGIDPAEPALAAGLKSIREGRLERARQMGASLEAAGIAGCFDGAMRWCDNPEMISRTHFARHLVDSGAVKDMRTVFRKYLTPGKPGYVSHQWASLEDAVGWIVGAGGMAVIAHPGRYDMGRTLIERLILDFQAAGGQGIEVASGSHSLDDMHKFALHADRHGLYASSGSDFHAPGEGGRDVGHTEDLPPICRPIWRELEARILRPAD,brenda,Un-annotated,0.03,0.959462248777786
3.1.3.7,"2'-deoxyuridine 3',5'-bisphosphate",Q7NXD4,WT,None,5.2,3.0,276.15,0.0036212203512583,C1C(C(OC1N2C=CC(=O)NC2=O)COP(=O)(O)O)OP(=O)(O)O,MANIDLHFHSRTSDGALTPTEVIDRAAARAPALLALTDHDCTGGLAEAAAAAARRGIPFLNGVEVSVSWGRHTVHIVGLGIDPAEPALAAGLKSIREGRLERARQMGASLEAAGIAGCFDGAMRWCDNPEMISRTHFARHLVDSGAVKDMRTVFRKYLTPGKPGYVSHQWASLEDAVGWIVGAGGMAVIAHPGRYDMGRTLIERLILDFQAAGGQGIEVASGSHSLDDMHKFALHADRHGLYASSGSDFHAPGEGGRDVGHTEDLPPICRPIWRELEARILRPAD,brenda,Un-annotated,0.03,0.959462248777786
1.4.1.1,L-Ala,Q8RLH6,WT,None,67.0,15.0,288.15,0.0034704147145583,CC(C(=O)O)N,MIIGIPTEIKNHEYRVGMVPSSVRELTIKGHEVFVQSNAGMGIGFTNQDYLNVGAAILETAEEVFAQSDMIVKVKEPQAVERAMLREDQILFTYLHLAPDMPQTEDLLKSKAVCIAYETVTDDRGGLPLLAPMSEVAGRMSIQAGARALEKSLGGRGMLLGGVPGVEPAKVVIIGGGMVGTNAAQMAVGMGADVVVLDRSIDALRRLNVQFGSPVKAIYSTADAIERHVIEADLVIGGVLVPGAAAPKLVTRDMITRMKPGSAIVDVAIDQGGCVETSYATTHQDPTYIIDDVVHYCVANMPGAVARTSTFALNNATLPYIIKLANLGYKSALLQDKHLLNGLNAIHGKLVCKEVAEAFNLEYTEPKSLLD,brenda,Un-annotated,0.15,0.8057522123893122
1.4.1.1,L-Ala,Q8RLH6,WT,None,45.0,10.0,283.15,0.003531696980399,CC(C(=O)O)N,MIIGIPTEIKNHEYRVGMVPSSVRELTIKGHEVFVQSNAGMGIGFTNQDYLNVGAAILETAEEVFAQSDMIVKVKEPQAVERAMLREDQILFTYLHLAPDMPQTEDLLKSKAVCIAYETVTDDRGGLPLLAPMSEVAGRMSIQAGARALEKSLGGRGMLLGGVPGVEPAKVVIIGGGMVGTNAAQMAVGMGADVVVLDRSIDALRRLNVQFGSPVKAIYSTADAIERHVIEADLVIGGVLVPGAAAPKLVTRDMITRMKPGSAIVDVAIDQGGCVETSYATTHQDPTYIIDDVVHYCVANMPGAVARTSTFALNNATLPYIIKLANLGYKSALLQDKHLLNGLNAIHGKLVCKEVAEAFNLEYTEPKSLLD,brenda,Un-annotated,0.1,0.8682147271763481
1.4.1.1,pyruvate,Q8RLH6,WT,None,888.0,5.0,278.15,0.0035951824555096,CC(=O)C(=O)[O-],MIIGIPTEIKNHEYRVGMVPSSVRELTIKGHEVFVQSNAGMGIGFTNQDYLNVGAAILETAEEVFAQSDMIVKVKEPQAVERAMLREDQILFTYLHLAPDMPQTEDLLKSKAVCIAYETVTDDRGGLPLLAPMSEVAGRMSIQAGARALEKSLGGRGMLLGGVPGVEPAKVVIIGGGMVGTNAAQMAVGMGADVVVLDRSIDALRRLNVQFGSPVKAIYSTADAIERHVIEADLVIGGVLVPGAAAPKLVTRDMITRMKPGSAIVDVAIDQGGCVETSYATTHQDPTYIIDDVVHYCVANMPGAVARTSTFALNNATLPYIIKLANLGYKSALLQDKHLLNGLNAIHGKLVCKEVAEAFNLEYTEPKSLLD,brenda,Un-annotated,0.05,0.9329228833363351
1.4.1.1,NADH,Q8RLH6,WT,None,1008.0,5.0,278.15,0.0035951824555096,C1C=CN(C=C1C(=O)N)C2C(C(C(O2)COP(=O)(O)OP(=O)(O)OCC3C(C(C(O3)N4C=NC5=C(N=CN=C54)N)O)O)O)O,MIIGIPTEIKNHEYRVGMVPSSVRELTIKGHEVFVQSNAGMGIGFTNQDYLNVGAAILETAEEVFAQSDMIVKVKEPQAVERAMLREDQILFTYLHLAPDMPQTEDLLKSKAVCIAYETVTDDRGGLPLLAPMSEVAGRMSIQAGARALEKSLGGRGMLLGGVPGVEPAKVVIIGGGMVGTNAAQMAVGMGADVVVLDRSIDALRRLNVQFGSPVKAIYSTADAIERHVIEADLVIGGVLVPGAAAPKLVTRDMITRMKPGSAIVDVAIDQGGCVETSYATTHQDPTYIIDDVVHYCVANMPGAVARTSTFALNNATLPYIIKLANLGYKSALLQDKHLLNGLNAIHGKLVCKEVAEAFNLEYTEPKSLLD,brenda,Un-annotated,0.05,0.9329228833363351
1.4.1.1,NAD+,Q8RLH6,WT,None,19.0,10.0,283.15,0.003531696980399,C1=CC(=C[N+](=C1)C2C(C(C(O2)COP(=O)([O-])OP(=O)(O)OCC3C(C(C(O3)N4C=NC5=C(N=CN=C54)N)O)O)O)O)C(=O)N,MIIGIPTEIKNHEYRVGMVPSSVRELTIKGHEVFVQSNAGMGIGFTNQDYLNVGAAILETAEEVFAQSDMIVKVKEPQAVERAMLREDQILFTYLHLAPDMPQTEDLLKSKAVCIAYETVTDDRGGLPLLAPMSEVAGRMSIQAGARALEKSLGGRGMLLGGVPGVEPAKVVIIGGGMVGTNAAQMAVGMGADVVVLDRSIDALRRLNVQFGSPVKAIYSTADAIERHVIEADLVIGGVLVPGAAAPKLVTRDMITRMKPGSAIVDVAIDQGGCVETSYATTHQDPTYIIDDVVHYCVANMPGAVARTSTFALNNATLPYIIKLANLGYKSALLQDKHLLNGLNAIHGKLVCKEVAEAFNLEYTEPKSLLD,brenda,Un-annotated,0.1,0.8682147271763481
1.4.1.1,NAD+,Q8RLH6,WT,None,41.0,15.0,288.15,0.0034704147145583,C1=CC(=C[N+](=C1)C2C(C(C(O2)COP(=O)([O-])OP(=O)(O)OCC3C(C(C(O3)N4C=NC5=C(N=CN=C54)N)O)O)O)O)C(=O)N,MIIGIPTEIKNHEYRVGMVPSSVRELTIKGHEVFVQSNAGMGIGFTNQDYLNVGAAILETAEEVFAQSDMIVKVKEPQAVERAMLREDQILFTYLHLAPDMPQTEDLLKSKAVCIAYETVTDDRGGLPLLAPMSEVAGRMSIQAGARALEKSLGGRGMLLGGVPGVEPAKVVIIGGGMVGTNAAQMAVGMGADVVVLDRSIDALRRLNVQFGSPVKAIYSTADAIERHVIEADLVIGGVLVPGAAAPKLVTRDMITRMKPGSAIVDVAIDQGGCVETSYATTHQDPTYIIDDVVHYCVANMPGAVARTSTFALNNATLPYIIKLANLGYKSALLQDKHLLNGLNAIHGKLVCKEVAEAFNLEYTEPKSLLD,brenda,Un-annotated,0.15,0.8057522123893122
1.4.1.1,NH4+,Q8RLH6,WT,None,977.0,5.0,278.15,0.0035951824555096,[NH4+],MIIGIPTEIKNHEYRVGMVPSSVRELTIKGHEVFVQSNAGMGIGFTNQDYLNVGAAILETAEEVFAQSDMIVKVKEPQAVERAMLREDQILFTYLHLAPDMPQTEDLLKSKAVCIAYETVTDDRGGLPLLAPMSEVAGRMSIQAGARALEKSLGGRGMLLGGVPGVEPAKVVIIGGGMVGTNAAQMAVGMGADVVVLDRSIDALRRLNVQFGSPVKAIYSTADAIERHVIEADLVIGGVLVPGAAAPKLVTRDMITRMKPGSAIVDVAIDQGGCVETSYATTHQDPTYIIDDVVHYCVANMPGAVARTSTFALNNATLPYIIKLANLGYKSALLQDKHLLNGLNAIHGKLVCKEVAEAFNLEYTEPKSLLD,brenda,Un-annotated,0.05,0.9329228833363351
4.2.3.77,"(2E,6E)-farnesyl diphosphate",Q70EZ6,WT,None,0.04,12.0,285.15,0.0035069261792039,CC(=CCCC(=CCCC(=CCOP(=O)(O)OP(=O)(O)O)C)C)C,MAAKQGEVVRPDADYSYHPSLWGDQFLHYDEQEDDQVEVDQQIEILKEETRREILSSLDDPAKHTNLLKLIDVIQRLGIAYYFEHEITQALDHIYNVYGDEWNGGSTSLWFRLLRQQGFYVSCDIFNIYKLDNGSFKDSLTKDIECMLELYEAAYMRVQGEIILDEALEFTKTHLEQIAKDPLRCNNTLSRHIYEALKRPIRKRLPRVDALQYMPFYEQQDSHNKSLLRLAKLGFNRLQSLHKKELSQLSKWWKEFDAPKNLRYVRDRLVELYFWVLGVYFEPQYSRSRIFLTKVIKMATILDDTYDIHGTYEELEIFTKAVQRWSITCMDTLPDYMKMIYKSLLDVYEEMEEIIEKDGKAYQVHYAKDSMIDLVTSYMTEAKWLHEGHVPTFEEYNSITNLTGGYKMLTTSSFVDMPGDIVTQESFRWALNNPPLIKASADVSRIMDDIVGHKEEQQRKHLPSRVEMYMKKYHLAEEDVYDLLKQRVEDAWKDLNRETLTCKDIHMALKMRPINLARVIDMLYKNDDNLKNVGQEIQDYIKSCFINAISV,brenda,Un-annotated,0.12,0.8429668595476015
2.7.4.16,thiamine phosphate,A3MTW6,MUT,R136M,0.092,0.0,273.15,0.0036609921288669,CC1=C(SC=[N+]1CC2=CN=C(N=C2N)C)CCOP(=O)(O)O,MSGFGGRGVDEKGFLRWLLGELGVEEDDVAYVDGLVVKVDGAAASTSRLPFQTWADFGWRNVAAAYSDVRVKFAEARLLLASVTAPDLGTAAEVVQGVREASQFFSLAYVGGDLNEGRDVVVDVVLVGWARARVGMAPRPGDVLVTIPQFGYTSLAYRFWQMGGAVVERGVEALKRPKPLWPLPPAECVTAAMDSSDGLGDVLWSMARGVDIVVKELPAPREVLEFAAERGLDVGEIVFNGGEEFLPVFAVRRDCPVESPYVSFAEVVPGEGRVWWRGEELKWRGWAYFRGWG,brenda,Secondary,0.0,1.0
2.7.4.16,thiamine phosphate,A3MTW6,WT,None,0.063,0.0,273.15,0.0036609921288669,CC1=C(SC=[N+]1CC2=CN=C(N=C2N)C)CCOP(=O)(O)O,MSGFGGRGVDEKGFLRWLLGELGVEEDDVAYVDGLVVKVDGAAASTSRLPFQTWADFGWRNVAAAYSDVRVKFAEARLLLASVTAPDLGTAAEVVQGVREASQFFSLAYVGGDLNEGRDVVVDVVLVGWARARVGRAPRPGDVLVTIPQFGYTSLAYRFWQMGGAVVERGVEALKRPKPLWPLPPAECVTAAMDSSDGLGDVLWSMARGVDIVVKELPAPREVLEFAAERGLDVGEIVFNGGEEFLPVFAVRRDCPVESPYVSFAEVVPGEGRVWWRGEELKWRGWAYFRGWG,brenda,Secondary,0.0,1.0
2.7.4.16,thiamine phosphate,A3MTW6,MUT,S196A,0.006,0.0,273.15,0.0036609921288669,CC1=C(SC=[N+]1CC2=CN=C(N=C2N)C)CCOP(=O)(O)O,MSGFGGRGVDEKGFLRWLLGELGVEEDDVAYVDGLVVKVDGAAASTSRLPFQTWADFGWRNVAAAYSDVRVKFAEARLLLASVTAPDLGTAAEVVQGVREASQFFSLAYVGGDLNEGRDVVVDVVLVGWARARVGRAPRPGDVLVTIPQFGYTSLAYRFWQMGGAVVERGVEALKRPKPLWPLPPAECVTAAMDSADGLGDVLWSMARGVDIVVKELPAPREVLEFAAERGLDVGEIVFNGGEEFLPVFAVRRDCPVESPYVSFAEVVPGEGRVWWRGEELKWRGWAYFRGWG,brenda,Secondary,0.0,1.0
